"","order","geometry"
"49","Hemiptera",c(5993983.93639142, 1977846.13763048)
"109","Hymenoptera",c(5995076.26225593, 1976410.53046803)
"111","Hymenoptera",c(5995064.47154424, 1976425.31020975)
"115","Hymenoptera",c(5995070.36689863, 1976417.92033832)
"116","Hymenoptera",c(5995073.31457691, 1976414.22540303)
"117","Hymenoptera",c(5995067.41922107, 1976421.6152739)
"510","Hymenoptera",c(5995213.93366924, 1977384.89010986)
"1163","Coleoptera",c(5993687.23620948, 1978110.85258929)
"1214","Hymenoptera",c(5994723.61358023, 1977072.2951303)
"1215","Hymenoptera",c(5995213.93366924, 1977384.89010986)
"1399","Hymenoptera",c(5995213.93366924, 1977384.89010986)
"1512","Coleoptera",c(5994302.78840082, 1977152.96577913)
"1581","Hymenoptera",c(5995213.93366924, 1977384.89010986)
"1582","Hymenoptera",c(5995213.93366924, 1977384.89010986)
"1858","Coleoptera",c(5993687.23620948, 1978110.85258929)
"2188","Coleoptera",c(5993687.23620948, 1978110.85258929)
"2533","Coleoptera",c(5993687.23620948, 1978110.85258929)
"2678","Coleoptera",c(5993712.61901559, 1977855.58799892)
"2696","Coleoptera",c(5993687.23620948, 1978110.85258929)
"2838","Coleoptera",c(5993712.61901559, 1977855.58799892)
"2856","Coleoptera",c(5993687.23620948, 1978110.85258929)
"3022","Coleoptera",c(5993687.23620948, 1978110.85258929)
"3197","Coleoptera",c(5993687.23620948, 1978110.85258929)
"3366","Coleoptera",c(5993687.23620948, 1978110.85258929)
"3507","Coleoptera",c(5993712.61901559, 1977855.58799892)
"3521","Coleoptera",c(5993687.23620948, 1978110.85258929)
"3674","Coleoptera",c(5993712.61901559, 1977855.58799892)
"3693","Coleoptera",c(5993687.23620948, 1978110.85258929)
"3868","Coleoptera",c(5995250.54812962, 1977826.81028679)
"3941","Coleoptera",c(5993687.23620948, 1978110.85258929)
"4218","Coleoptera",c(5995250.54812962, 1977826.81028679)
"4554","Coleoptera",c(5993687.23620948, 1978110.85258929)
"4652","Coleoptera",c(5993687.23620948, 1978110.85258929)
"5009","Coleoptera",c(5993687.23620948, 1978110.85258929)
"5163","Coleoptera",c(5993687.23620948, 1978110.85258929)
"5252","Coleoptera",c(5993687.23620948, 1978110.85258929)
"5418","Coleoptera",c(5993687.23620948, 1978110.85258929)
"5419","Coleoptera",c(5993687.23620948, 1978110.85258929)
"5420","Coleoptera",c(5993687.23620948, 1978110.85258929)
"5435","Coleoptera",c(5993712.61901559, 1977855.58799892)
"5478","Coleoptera",c(5993712.61901559, 1977855.58799892)
"5498","Coleoptera",c(5993712.61901559, 1977855.58799892)
"5533","Coleoptera",c(5993687.23620948, 1978110.85258929)
"5534","Coleoptera",c(5993687.23620948, 1978110.85258929)
"5615","Coleoptera",c(5993712.61901559, 1977855.58799892)
"5618","Coleoptera",c(5993712.61901559, 1977855.58799892)
"5647","Coleoptera",c(5994723.61358023, 1977072.2951303)
"5660","Coleoptera",c(5993687.23620948, 1978110.85258929)
"5678","Coleoptera",c(5993712.61901559, 1977855.58799892)
"5748","Coleoptera",c(5993712.61901559, 1977855.58799892)
"5759","Coleoptera",c(5994659.89804191, 1976891.49492071)
"5777","Coleoptera",c(5994723.61358023, 1977072.2951303)
"5789","Coleoptera",c(5993687.23620948, 1978110.85258929)
"5790","Coleoptera",c(5993687.23620948, 1978110.85258929)
"5798","Coleoptera",c(5993687.23620948, 1978110.85258929)
"5845","Coleoptera",c(5993712.61901559, 1977855.58799892)
"5847","Coleoptera",c(5994659.89804191, 1976891.49492071)
"5871","Coleoptera",c(5994659.89804191, 1976891.49492071)
"5902","Coleoptera",c(5994723.61358023, 1977072.2951303)
"5913","Coleoptera",c(5993687.23620948, 1978110.85258929)
"5914","Coleoptera",c(5993687.23620948, 1978110.85258929)
"5925","Coleoptera",c(5993687.23620948, 1978110.85258929)
"5994","Coleoptera",c(5993712.61901559, 1977855.58799892)
"6002","Coleoptera",c(5994659.89804191, 1976891.49492071)
"6020","Coleoptera",c(5994723.61358023, 1977072.2951303)
"6034","Coleoptera",c(5993687.23620948, 1978110.85258929)
"6044","Coleoptera",c(5993687.23620948, 1978110.85258929)
"6145","Coleoptera",c(5993687.23620948, 1978110.85258929)
"6152","Coleoptera",c(5993687.23620948, 1978110.85258929)
"6158","Coleoptera",c(5993687.23620948, 1978110.85258929)
"6186","Coleoptera",c(5994659.89804191, 1976891.49492071)
"6225","Coleoptera",c(5995250.54812962, 1977826.81028679)
"6252","Coleoptera",c(5993687.23620948, 1978110.85258929)
"6254","Coleoptera",c(5993712.61901559, 1977855.58799892)
"6260","Coleoptera",c(5993687.23620948, 1978110.85258929)
"6261","Coleoptera",c(5993687.23620948, 1978110.85258929)
"6366","Coleoptera",c(5994723.61358023, 1977072.2951303)
"6376","Coleoptera",c(5993687.23620948, 1978110.85258929)
"6377","Coleoptera",c(5993687.23620948, 1978110.85258929)
"6394","Coleoptera",c(5993712.61901559, 1977855.58799892)
"6435","Coleoptera",c(5994659.89804191, 1976891.49492071)
"6474","Coleoptera",c(5994659.89804191, 1976891.49492071)
"6492","Coleoptera",c(5994723.61358023, 1977072.2951303)
"6507","Coleoptera",c(5993687.23620948, 1978110.85258929)
"6562","Coleoptera",c(5994659.89804191, 1976891.49492071)
"6591","Coleoptera",c(5993712.61901559, 1977855.58799892)
"6598","Coleoptera",c(5994659.89804191, 1976891.49492071)
"6614","Coleoptera",c(5994723.61358023, 1977072.2951303)
"6866","Coleoptera",c(5994169.71955423, 1978101.81548325)
"6867","Coleoptera",c(5994985.95127727, 1978195.73981903)
"6941","Coleoptera",c(5996043.41777605, 1978285.18345602)
"6942","Coleoptera",c(5996043.41777605, 1978285.18345602)
"7021","Coleoptera",c(5994302.78840082, 1977152.96577913)
"7194","Coleoptera",c(5994169.71955423, 1978101.81548325)
"7195","Coleoptera",c(5994169.71955423, 1978101.81548325)
"7199","Coleoptera",c(5995250.54812962, 1977826.81028679)
"7266","Coleoptera",c(5996043.41777605, 1978285.18345602)
"7529","Coleoptera",c(5994985.95127727, 1978195.73981903)
"7600","Coleoptera",c(5996043.41777605, 1978285.18345602)
"7601","Coleoptera",c(5996043.41777605, 1978285.18345602)
"7665","Coleoptera",c(5993687.23620948, 1978110.85258929)
"7833","Coleoptera",c(5994169.71955423, 1978101.81548325)
"7834","Coleoptera",c(5994985.95127727, 1978195.73981903)
"7900","Coleoptera",c(5996043.41777605, 1978285.18345602)
"7901","Coleoptera",c(5996043.41777605, 1978285.18345602)
"7976","Coleoptera",c(5994302.78840082, 1977152.96577913)
"8150","Coleoptera",c(5994169.71955423, 1978101.81548325)
"8151","Coleoptera",c(5994169.71955423, 1978101.81548325)
"8155","Coleoptera",c(5995250.54812962, 1977826.81028679)
"8222","Coleoptera",c(5996043.41777605, 1978285.18345602)
"8303","Coleoptera",c(5994302.78840082, 1977152.96577913)
"8468","Coleoptera",c(5994169.71955423, 1978101.81548325)
"8469","Coleoptera",c(5994169.71955423, 1978101.81548325)
"8472","Coleoptera",c(5995250.54812962, 1977826.81028679)
"8539","Coleoptera",c(5996043.41777605, 1978285.18345602)
"8781","Coleoptera",c(5994169.71955423, 1978101.81548325)
"8782","Coleoptera",c(5994985.95127727, 1978195.73981903)
"8850","Coleoptera",c(5996043.41777605, 1978285.18345602)
"8851","Coleoptera",c(5996043.41777605, 1978285.18345602)
"8924","Coleoptera",c(5993687.23620948, 1978110.85258929)
"9091","Coleoptera",c(5994169.71955423, 1978101.81548325)
"9092","Coleoptera",c(5994169.71955423, 1978101.81548325)
"9163","Coleoptera",c(5996043.41777605, 1978285.18345602)
"9402","Coleoptera",c(5994169.71955423, 1978101.81548325)
"9403","Coleoptera",c(5994985.95127727, 1978195.73981903)
"9471","Coleoptera",c(5996043.41777605, 1978285.18345602)
"9472","Coleoptera",c(5996043.41777605, 1978285.18345602)
"9532","Coleoptera",c(5993687.23620948, 1978110.85258929)
"9712","Coleoptera",c(5994169.71955423, 1978101.81548325)
"9776","Coleoptera",c(5996043.41777605, 1978285.18345602)
"9777","Coleoptera",c(5996043.41777605, 1978285.18345602)
"9863","Coleoptera",c(5994723.61358023, 1977072.2951303)
"9864","Coleoptera",c(5994723.61358023, 1977072.2951303)
"9952","Coleoptera",c(5994723.61358023, 1977072.2951303)
"9981","Coleoptera",c(5994723.61358023, 1977072.2951303)
"9997","Coleoptera",c(5994723.61358023, 1977072.2951303)
"9998","Coleoptera",c(5994723.61358023, 1977072.2951303)
"9999","Coleoptera",c(5994723.61358023, 1977072.2951303)
"10000","Coleoptera",c(5994723.61358023, 1977072.2951303)
"10001","Coleoptera",c(5994723.61358023, 1977072.2951303)
"10002","Coleoptera",c(5993687.23620948, 1978110.85258929)
"10027","Coleoptera",c(5994723.61358023, 1977072.2951303)
"10028","Coleoptera",c(5994723.61358023, 1977072.2951303)
"10029","Coleoptera",c(5994723.61358023, 1977072.2951303)
"10030","Coleoptera",c(5994723.61358023, 1977072.2951303)
"10031","Coleoptera",c(5994723.61358023, 1977072.2951303)
"10070","Coleoptera",c(5994723.61358023, 1977072.2951303)
"10271","Coleoptera",c(5994723.61358023, 1977072.2951303)
"10272","Coleoptera",c(5994723.61358023, 1977072.2951303)
"10359","Coleoptera",c(5994723.61358023, 1977072.2951303)
"10383","Coleoptera",c(5994723.61358023, 1977072.2951303)
"10396","Coleoptera",c(5994723.61358023, 1977072.2951303)
"10397","Coleoptera",c(5994723.61358023, 1977072.2951303)
"10398","Coleoptera",c(5994723.61358023, 1977072.2951303)
"10399","Coleoptera",c(5994723.61358023, 1977072.2951303)
"10400","Coleoptera",c(5994723.61358023, 1977072.2951303)
"10401","Coleoptera",c(5994723.61358023, 1977072.2951303)
"10402","Coleoptera",c(5994723.61358023, 1977072.2951303)
"10403","Coleoptera",c(5993687.23620948, 1978110.85258929)
"10428","Coleoptera",c(5994723.61358023, 1977072.2951303)
"10429","Coleoptera",c(5994723.61358023, 1977072.2951303)
"10430","Coleoptera",c(5994723.61358023, 1977072.2951303)
"10431","Coleoptera",c(5994723.61358023, 1977072.2951303)
"10474","Coleoptera",c(5994723.61358023, 1977072.2951303)
"10669","Coleoptera",c(5994723.61358023, 1977072.2951303)
"10670","Coleoptera",c(5994723.61358023, 1977072.2951303)
"10785","Coleoptera",c(5994723.61358023, 1977072.2951303)
"10799","Coleoptera",c(5994723.61358023, 1977072.2951303)
"10800","Coleoptera",c(5994723.61358023, 1977072.2951303)
"10801","Coleoptera",c(5994723.61358023, 1977072.2951303)
"10802","Coleoptera",c(5994723.61358023, 1977072.2951303)
"10803","Coleoptera",c(5994723.61358023, 1977072.2951303)
"10804","Coleoptera",c(5993687.23620948, 1978110.85258929)
"10805","Coleoptera",c(5994723.61358023, 1977072.2951303)
"10828","Coleoptera",c(5994723.61358023, 1977072.2951303)
"10829","Coleoptera",c(5994723.61358023, 1977072.2951303)
"10830","Coleoptera",c(5994723.61358023, 1977072.2951303)
"10831","Coleoptera",c(5994723.61358023, 1977072.2951303)
"10873","Coleoptera",c(5994723.61358023, 1977072.2951303)
"10979","Coleoptera",c(5993687.23620948, 1978110.85258929)
"10998","Coleoptera",c(5993687.23620948, 1978110.85258929)
"10999","Coleoptera",c(5993687.23620948, 1978110.85258929)
"11165","Coleoptera",c(5994723.61358023, 1977072.2951303)
"11166","Coleoptera",c(5994723.61358023, 1977072.2951303)
"11193","Coleoptera",c(5994723.61358023, 1977072.2951303)
"11209","Coleoptera",c(5994723.61358023, 1977072.2951303)
"11210","Coleoptera",c(5994723.61358023, 1977072.2951303)
"11211","Coleoptera",c(5994723.61358023, 1977072.2951303)
"11212","Coleoptera",c(5994723.61358023, 1977072.2951303)
"11213","Coleoptera",c(5994723.61358023, 1977072.2951303)
"11214","Coleoptera",c(5994723.61358023, 1977072.2951303)
"11215","Coleoptera",c(5993687.23620948, 1978110.85258929)
"11216","Coleoptera",c(5993687.23620948, 1978110.85258929)
"11243","Coleoptera",c(5994723.61358023, 1977072.2951303)
"11244","Coleoptera",c(5994723.61358023, 1977072.2951303)
"11245","Coleoptera",c(5994723.61358023, 1977072.2951303)
"11246","Coleoptera",c(5994723.61358023, 1977072.2951303)
"11247","Coleoptera",c(5994723.61358023, 1977072.2951303)
"11283","Coleoptera",c(5994723.61358023, 1977072.2951303)
"11380","Coleoptera",c(5993687.23620948, 1978110.85258929)
"11486","Coleoptera",c(5994723.61358023, 1977072.2951303)
"11581","Coleoptera",c(5994723.61358023, 1977072.2951303)
"11608","Coleoptera",c(5994723.61358023, 1977072.2951303)
"11625","Coleoptera",c(5994723.61358023, 1977072.2951303)
"11626","Coleoptera",c(5994723.61358023, 1977072.2951303)
"11627","Coleoptera",c(5994723.61358023, 1977072.2951303)
"11628","Coleoptera",c(5994723.61358023, 1977072.2951303)
"11629","Coleoptera",c(5994723.61358023, 1977072.2951303)
"11630","Coleoptera",c(5993687.23620948, 1978110.85258929)
"11653","Coleoptera",c(5994723.61358023, 1977072.2951303)
"11654","Coleoptera",c(5994723.61358023, 1977072.2951303)
"11655","Coleoptera",c(5994723.61358023, 1977072.2951303)
"11656","Coleoptera",c(5994723.61358023, 1977072.2951303)
"11657","Coleoptera",c(5994723.61358023, 1977072.2951303)
"11697","Coleoptera",c(5994723.61358023, 1977072.2951303)
"11795","Coleoptera",c(5993687.23620948, 1978110.85258929)
"11896","Coleoptera",c(5994723.61358023, 1977072.2951303)
"11897","Coleoptera",c(5994723.61358023, 1977072.2951303)
"11969","Coleoptera",c(5994723.61358023, 1977072.2951303)
"11998","Coleoptera",c(5994723.61358023, 1977072.2951303)
"12014","Coleoptera",c(5994723.61358023, 1977072.2951303)
"12015","Coleoptera",c(5994723.61358023, 1977072.2951303)
"12016","Coleoptera",c(5994723.61358023, 1977072.2951303)
"12017","Coleoptera",c(5994723.61358023, 1977072.2951303)
"12018","Coleoptera",c(5993687.23620948, 1978110.85258929)
"12019","Coleoptera",c(5994302.78840082, 1977152.96577913)
"12044","Coleoptera",c(5994723.61358023, 1977072.2951303)
"12045","Coleoptera",c(5994723.61358023, 1977072.2951303)
"12046","Coleoptera",c(5994723.61358023, 1977072.2951303)
"12047","Coleoptera",c(5994723.61358023, 1977072.2951303)
"12091","Coleoptera",c(5994723.61358023, 1977072.2951303)
"12191","Coleoptera",c(5993687.23620948, 1978110.85258929)
"12266","Coleoptera",c(5993712.61901559, 1977855.58799892)
"12296","Coleoptera",c(5994723.61358023, 1977072.2951303)
"12383","Coleoptera",c(5994723.61358023, 1977072.2951303)
"12410","Coleoptera",c(5994723.61358023, 1977072.2951303)
"12429","Coleoptera",c(5994723.61358023, 1977072.2951303)
"12430","Coleoptera",c(5994723.61358023, 1977072.2951303)
"12431","Coleoptera",c(5994723.61358023, 1977072.2951303)
"12432","Coleoptera",c(5994723.61358023, 1977072.2951303)
"12433","Coleoptera",c(5994723.61358023, 1977072.2951303)
"12434","Coleoptera",c(5994723.61358023, 1977072.2951303)
"12435","Coleoptera",c(5993687.23620948, 1978110.85258929)
"12458","Coleoptera",c(5994723.61358023, 1977072.2951303)
"12459","Coleoptera",c(5994723.61358023, 1977072.2951303)
"12460","Coleoptera",c(5994723.61358023, 1977072.2951303)
"12461","Coleoptera",c(5994723.61358023, 1977072.2951303)
"12607","Coleoptera",c(5993687.23620948, 1978110.85258929)
"12608","Coleoptera",c(5993687.23620948, 1978110.85258929)
"12795","Coleoptera",c(5994723.61358023, 1977072.2951303)
"12826","Coleoptera",c(5994723.61358023, 1977072.2951303)
"12827","Coleoptera",c(5994723.61358023, 1977072.2951303)
"12843","Coleoptera",c(5994723.61358023, 1977072.2951303)
"12844","Coleoptera",c(5994723.61358023, 1977072.2951303)
"12845","Coleoptera",c(5994723.61358023, 1977072.2951303)
"12846","Coleoptera",c(5994723.61358023, 1977072.2951303)
"12847","Coleoptera",c(5994723.61358023, 1977072.2951303)
"12848","Coleoptera",c(5993687.23620948, 1978110.85258929)
"12872","Coleoptera",c(5994723.61358023, 1977072.2951303)
"12873","Coleoptera",c(5994723.61358023, 1977072.2951303)
"12874","Coleoptera",c(5994723.61358023, 1977072.2951303)
"12875","Coleoptera",c(5994723.61358023, 1977072.2951303)
"12917","Coleoptera",c(5994723.61358023, 1977072.2951303)
"13007","Coleoptera",c(5993687.23620948, 1978110.85258929)
"13008","Coleoptera",c(5993687.23620948, 1978110.85258929)
"13082","Coleoptera",c(5993712.61901559, 1977855.58799892)
"13112","Coleoptera",c(5994723.61358023, 1977072.2951303)
"13141","Coleoptera",c(5995250.54812962, 1977826.81028679)
"13192","Coleoptera",c(5994723.61358023, 1977072.2951303)
"13218","Coleoptera",c(5994723.61358023, 1977072.2951303)
"13233","Coleoptera",c(5994723.61358023, 1977072.2951303)
"13234","Coleoptera",c(5994723.61358023, 1977072.2951303)
"13235","Coleoptera",c(5994723.61358023, 1977072.2951303)
"13236","Coleoptera",c(5994723.61358023, 1977072.2951303)
"13237","Coleoptera",c(5994723.61358023, 1977072.2951303)
"13238","Coleoptera",c(5994723.61358023, 1977072.2951303)
"13239","Coleoptera",c(5994723.61358023, 1977072.2951303)
"13261","Coleoptera",c(5994723.61358023, 1977072.2951303)
"13262","Coleoptera",c(5994723.61358023, 1977072.2951303)
"13404","Coleoptera",c(5993687.23620948, 1978110.85258929)
"13469","Coleoptera",c(5993712.61901559, 1977855.58799892)
"13495","Coleoptera",c(5994723.61358023, 1977072.2951303)
"13580","Coleoptera",c(5994723.61358023, 1977072.2951303)
"13622","Coleoptera",c(5994723.61358023, 1977072.2951303)
"13623","Coleoptera",c(5994723.61358023, 1977072.2951303)
"13624","Coleoptera",c(5994723.61358023, 1977072.2951303)
"13625","Coleoptera",c(5994723.61358023, 1977072.2951303)
"13626","Coleoptera",c(5994723.61358023, 1977072.2951303)
"13627","Coleoptera",c(5994723.61358023, 1977072.2951303)
"13628","Coleoptera",c(5994723.61358023, 1977072.2951303)
"13629","Coleoptera",c(5993687.23620948, 1978110.85258929)
"13649","Coleoptera",c(5994723.61358023, 1977072.2951303)
"13650","Coleoptera",c(5994723.61358023, 1977072.2951303)
"13803","Coleoptera",c(5993687.23620948, 1978110.85258929)
"13804","Coleoptera",c(5993687.23620948, 1978110.85258929)
"13911","Hymenoptera",c(5995213.93366924, 1977384.89010986)
"13912","Hymenoptera",c(5994723.61358023, 1977072.2951303)
"14100","Hymenoptera",c(5995213.93366924, 1977384.89010986)
"14101","Hymenoptera",c(5994723.61358023, 1977072.2951303)
"14102","Hymenoptera",c(5994723.61358023, 1977072.2951303)
"14280","Hymenoptera",c(5994723.61358023, 1977072.2951303)
"14281","Hymenoptera",c(5995213.93366924, 1977384.89010986)
"14395","Coleoptera",c(5994302.78840082, 1977152.96577913)
"14464","Hymenoptera",c(5994723.61358023, 1977072.2951303)
"14466","Hymenoptera",c(5995213.93366924, 1977384.89010986)
"14592","Hymenoptera",c(5995429.28861293, 1977819.10295394)
"14645","Hymenoptera",c(5995491.83737158, 1977534.027181)
"14652","Hymenoptera",c(5994723.61358023, 1977072.2951303)
"14829","Hymenoptera",c(5995213.93366924, 1977384.89010986)
"14841","Hymenoptera",c(5994723.61358023, 1977072.2951303)
"14842","Hymenoptera",c(5994723.61358023, 1977072.2951303)
"15031","Hymenoptera",c(5995213.93366924, 1977384.89010986)
"15032","Hymenoptera",c(5994723.61358023, 1977072.2951303)
"15033","Hymenoptera",c(5994723.61358023, 1977072.2951303)
"15213","Hymenoptera",c(5994723.61358023, 1977072.2951303)
"15214","Hymenoptera",c(5995213.93366924, 1977384.89010986)
"15325","Coleoptera",c(5994302.78840082, 1977152.96577913)
"15394","Hymenoptera",c(5995213.93366924, 1977384.89010986)
"15395","Hymenoptera",c(5994723.61358023, 1977072.2951303)
"15396","Hymenoptera",c(5995213.93366924, 1977384.89010986)
"15574","Hymenoptera",c(5995491.83737158, 1977534.027181)
"15582","Hymenoptera",c(5994723.61358023, 1977072.2951303)
"15583","Hymenoptera",c(5994723.61358023, 1977072.2951303)
"15834","Coleoptera",c(5993712.61901559, 1977855.58799892)
"16210","Coleoptera",c(5993687.23620948, 1978110.85258929)
"16377","Coleoptera",c(5993687.23620948, 1978110.85258929)
"16540","Coleoptera",c(5993712.61901559, 1977855.58799892)
"16558","Coleoptera",c(5993687.23620948, 1978110.85258929)
"16721","Coleoptera",c(5993687.23620948, 1978110.85258929)
"16875","Coleoptera",c(5993712.61901559, 1977855.58799892)
"16894","Coleoptera",c(5993687.23620948, 1978110.85258929)
"17059","Coleoptera",c(5993687.23620948, 1978110.85258929)
"18239","Coleoptera",c(5993687.23620948, 1978110.85258929)
"18411","Coleoptera",c(5993687.23620948, 1978110.85258929)
"18572","Coleoptera",c(5993687.23620948, 1978110.85258929)
"19090","Coleoptera",c(5993687.23620948, 1978110.85258929)
"19093","Coleoptera",c(5993687.23620948, 1978110.85258929)
"19111","Coleoptera",c(5993687.23620948, 1978110.85258929)
"19148","Coleoptera",c(5994659.89804191, 1976891.49492071)
"19152","Coleoptera",c(5993687.23620948, 1978110.85258929)
"19159","Coleoptera",c(5993712.61901559, 1977855.58799892)
"19169","Coleoptera",c(5994659.89804191, 1976891.49492071)
"19205","Coleoptera",c(5993687.23620948, 1978110.85258929)
"19273","Coleoptera",c(5993712.61901559, 1977855.58799892)
"19284","Coleoptera",c(5994659.89804191, 1976891.49492071)
"19294","Coleoptera",c(5994659.89804191, 1976891.49492071)
"19309","Coleoptera",c(5993712.61901559, 1977855.58799892)
"19315","Coleoptera",c(5993687.23620948, 1978110.85258929)
"19325","Coleoptera",c(5993687.23620948, 1978110.85258929)
"19356","Coleoptera",c(5994659.89804191, 1976891.49492071)
"19365","Coleoptera",c(5994659.89804191, 1976891.49492071)
"19366","Coleoptera",c(5993712.61901559, 1977855.58799892)
"19381","Coleoptera",c(5993712.61901559, 1977855.58799892)
"19395","Coleoptera",c(5995250.54812962, 1977826.81028679)
"19419","Coleoptera",c(5993687.23620948, 1978110.85258929)
"19421","Coleoptera",c(5993712.61901559, 1977855.58799892)
"19431","Coleoptera",c(5993687.23620948, 1978110.85258929)
"19476","Coleoptera",c(5994659.89804191, 1976891.49492071)
"19487","Coleoptera",c(5994659.89804191, 1976891.49492071)
"19508","Coleoptera",c(5994659.89804191, 1976891.49492071)
"19511","Coleoptera",c(5993712.61901559, 1977855.58799892)
"19536","Coleoptera",c(5993712.61901559, 1977855.58799892)
"19540","Coleoptera",c(5993687.23620948, 1978110.85258929)
"19592","Coleoptera",c(5994659.89804191, 1976891.49492071)
"19597","Coleoptera",c(5993687.23620948, 1978110.85258929)
"19609","Coleoptera",c(5993712.61901559, 1977855.58799892)
"19623","Coleoptera",c(5994659.89804191, 1976891.49492071)
"19633","Coleoptera",c(5994659.89804191, 1976891.49492071)
"19649","Coleoptera",c(5994723.61358023, 1977072.2951303)
"19657","Coleoptera",c(5993687.23620948, 1978110.85258929)
"19707","Coleoptera",c(5993712.61901559, 1977855.58799892)
"19709","Coleoptera",c(5994659.89804191, 1976891.49492071)
"19740","Coleoptera",c(5994659.89804191, 1976891.49492071)
"19752","Coleoptera",c(5994659.89804191, 1976891.49492071)
"19768","Coleoptera",c(5994723.61358023, 1977072.2951303)
"19776","Coleoptera",c(5993687.23620948, 1978110.85258929)
"19830","Coleoptera",c(5994659.89804191, 1976891.49492071)
"19834","Coleoptera",c(5993687.23620948, 1978110.85258929)
"19856","Coleoptera",c(5994659.89804191, 1976891.49492071)
"19866","Coleoptera",c(5994659.89804191, 1976891.49492071)
"19943","Coleoptera",c(5994659.89804191, 1976891.49492071)
"19950","Coleoptera",c(5993687.23620948, 1978110.85258929)
"19960","Coleoptera",c(5993712.61901559, 1977855.58799892)
"19973","Coleoptera",c(5993712.61901559, 1977855.58799892)
"20002","Coleoptera",c(5993712.61901559, 1977855.58799892)
"20004","Coleoptera",c(5993687.23620948, 1978110.85258929)
"20013","Coleoptera",c(5993687.23620948, 1978110.85258929)
"20040","Coleoptera",c(5994659.89804191, 1976891.49492071)
"20076","Coleoptera",c(5994659.89804191, 1976891.49492071)
"20102","Coleoptera",c(5993712.61901559, 1977855.58799892)
"20107","Coleoptera",c(5993712.61901559, 1977855.58799892)
"20111","Coleoptera",c(5993687.23620948, 1978110.85258929)
"20171","Coleoptera",c(5993687.23620948, 1978110.85258929)
"20179","Coleoptera",c(5993712.61901559, 1977855.58799892)
"20187","Coleoptera",c(5994659.89804191, 1976891.49492071)
"20200","Coleoptera",c(5993712.61901559, 1977855.58799892)
"20455","Coleoptera",c(5994169.71955423, 1978101.81548325)
"20456","Coleoptera",c(5994985.95127727, 1978195.73981903)
"20522","Coleoptera",c(5996043.41777605, 1978285.18345602)
"20523","Coleoptera",c(5996043.41777605, 1978285.18345602)
"20764","Coleoptera",c(5994169.71955423, 1978101.81548325)
"20765","Coleoptera",c(5994985.95127727, 1978195.73981903)
"20830","Coleoptera",c(5996043.41777605, 1978285.18345602)
"20831","Coleoptera",c(5996043.41777605, 1978285.18345602)
"20901","Coleoptera",c(5995250.54812962, 1977826.81028679)
"20908","Coleoptera",c(5993687.23620948, 1978110.85258929)
"21083","Coleoptera",c(5994169.71955423, 1978101.81548325)
"21084","Coleoptera",c(5994169.71955423, 1978101.81548325)
"21151","Coleoptera",c(5996043.41777605, 1978285.18345602)
"21399","Coleoptera",c(5994169.71955423, 1978101.81548325)
"21402","Coleoptera",c(5995250.54812962, 1977826.81028679)
"21472","Coleoptera",c(5996043.41777605, 1978285.18345602)
"21473","Coleoptera",c(5996043.41777605, 1978285.18345602)
"21686","Coleoptera",c(5994169.71955423, 1978101.81548325)
"21753","Coleoptera",c(5996043.41777605, 1978285.18345602)
"21754","Coleoptera",c(5996043.41777605, 1978285.18345602)
"21991","Coleoptera",c(5994169.71955423, 1978101.81548325)
"21992","Coleoptera",c(5994985.95127727, 1978195.73981903)
"22061","Coleoptera",c(5996043.41777605, 1978285.18345602)
"22290","Coleoptera",c(5994169.71955423, 1978101.81548325)
"22291","Coleoptera",c(5994985.95127727, 1978195.73981903)
"22357","Coleoptera",c(5996043.41777605, 1978285.18345602)
"22358","Coleoptera",c(5996043.41777605, 1978285.18345602)
"22594","Coleoptera",c(5994169.71955423, 1978101.81548325)
"22595","Coleoptera",c(5994985.95127727, 1978195.73981903)
"22659","Coleoptera",c(5996043.41777605, 1978285.18345602)
"22911","Coleoptera",c(5996043.41777605, 1978285.18345602)
"22913","Coleoptera",c(5994169.71955423, 1978101.81548325)
"22980","Coleoptera",c(5996043.41777605, 1978285.18345602)
"22981","Coleoptera",c(5996043.41777605, 1978285.18345602)
"23233","Coleoptera",c(5994169.71955423, 1978101.81548325)
"23296","Coleoptera",c(5996043.41777605, 1978285.18345602)
"23349","Coleoptera",c(5993712.61901559, 1977855.58799892)
"23373","Coleoptera",c(5994723.61358023, 1977072.2951303)
"23477","Coleoptera",c(5994723.61358023, 1977072.2951303)
"23478","Coleoptera",c(5994723.61358023, 1977072.2951303)
"23491","Coleoptera",c(5994723.61358023, 1977072.2951303)
"23492","Coleoptera",c(5994723.61358023, 1977072.2951303)
"23493","Coleoptera",c(5994723.61358023, 1977072.2951303)
"23494","Coleoptera",c(5994723.61358023, 1977072.2951303)
"23495","Coleoptera",c(5994723.61358023, 1977072.2951303)
"23496","Coleoptera",c(5994723.61358023, 1977072.2951303)
"23497","Coleoptera",c(5994723.61358023, 1977072.2951303)
"23498","Coleoptera",c(5993687.23620948, 1978110.85258929)
"23499","Coleoptera",c(5993687.23620948, 1978110.85258929)
"23500","Coleoptera",c(5993687.23620948, 1978110.85258929)
"23528","Coleoptera",c(5994723.61358023, 1977072.2951303)
"23567","Coleoptera",c(5994723.61358023, 1977072.2951303)
"23751","Coleoptera",c(5993712.61901559, 1977855.58799892)
"23773","Coleoptera",c(5994723.61358023, 1977072.2951303)
"23862","Coleoptera",c(5994723.61358023, 1977072.2951303)
"23884","Coleoptera",c(5994723.61358023, 1977072.2951303)
"23885","Coleoptera",c(5994723.61358023, 1977072.2951303)
"23903","Coleoptera",c(5994723.61358023, 1977072.2951303)
"23904","Coleoptera",c(5994723.61358023, 1977072.2951303)
"23905","Coleoptera",c(5994723.61358023, 1977072.2951303)
"23906","Coleoptera",c(5994723.61358023, 1977072.2951303)
"23907","Coleoptera",c(5994723.61358023, 1977072.2951303)
"23908","Coleoptera",c(5993687.23620948, 1978110.85258929)
"23909","Coleoptera",c(5993687.23620948, 1978110.85258929)
"23910","Coleoptera",c(5993687.23620948, 1978110.85258929)
"23937","Coleoptera",c(5994723.61358023, 1977072.2951303)
"23938","Coleoptera",c(5994723.61358023, 1977072.2951303)
"24162","Coleoptera",c(5993712.61901559, 1977855.58799892)
"24268","Coleoptera",c(5994723.61358023, 1977072.2951303)
"24290","Coleoptera",c(5994723.61358023, 1977072.2951303)
"24305","Coleoptera",c(5994723.61358023, 1977072.2951303)
"24306","Coleoptera",c(5994723.61358023, 1977072.2951303)
"24307","Coleoptera",c(5994723.61358023, 1977072.2951303)
"24308","Coleoptera",c(5994723.61358023, 1977072.2951303)
"24309","Coleoptera",c(5994723.61358023, 1977072.2951303)
"24310","Coleoptera",c(5994723.61358023, 1977072.2951303)
"24311","Coleoptera",c(5994723.61358023, 1977072.2951303)
"24312","Coleoptera",c(5993687.23620948, 1978110.85258929)
"24313","Coleoptera",c(5993687.23620948, 1978110.85258929)
"24341","Coleoptera",c(5994723.61358023, 1977072.2951303)
"24342","Coleoptera",c(5994723.61358023, 1977072.2951303)
"24378","Coleoptera",c(5994723.61358023, 1977072.2951303)
"24486","Coleoptera",c(5993687.23620948, 1978110.85258929)
"24505","Coleoptera",c(5993687.23620948, 1978110.85258929)
"24563","Coleoptera",c(5993712.61901559, 1977855.58799892)
"24591","Coleoptera",c(5994723.61358023, 1977072.2951303)
"24684","Coleoptera",c(5994723.61358023, 1977072.2951303)
"24721","Coleoptera",c(5994723.61358023, 1977072.2951303)
"24722","Coleoptera",c(5994723.61358023, 1977072.2951303)
"24723","Coleoptera",c(5994723.61358023, 1977072.2951303)
"24724","Coleoptera",c(5994723.61358023, 1977072.2951303)
"24725","Coleoptera",c(5994723.61358023, 1977072.2951303)
"24726","Coleoptera",c(5993687.23620948, 1978110.85258929)
"24727","Coleoptera",c(5993687.23620948, 1978110.85258929)
"24728","Coleoptera",c(5993687.23620948, 1978110.85258929)
"24749","Coleoptera",c(5994723.61358023, 1977072.2951303)
"24750","Coleoptera",c(5994723.61358023, 1977072.2951303)
"24890","Coleoptera",c(5993687.23620948, 1978110.85258929)
"24906","Coleoptera",c(5994302.78840082, 1977152.96577913)
"24989","Coleoptera",c(5994723.61358023, 1977072.2951303)
"25069","Coleoptera",c(5994723.61358023, 1977072.2951303)
"25093","Coleoptera",c(5994723.61358023, 1977072.2951303)
"25105","Coleoptera",c(5994723.61358023, 1977072.2951303)
"25106","Coleoptera",c(5994723.61358023, 1977072.2951303)
"25107","Coleoptera",c(5994723.61358023, 1977072.2951303)
"25108","Coleoptera",c(5994723.61358023, 1977072.2951303)
"25109","Coleoptera",c(5994723.61358023, 1977072.2951303)
"25110","Coleoptera",c(5994723.61358023, 1977072.2951303)
"25111","Coleoptera",c(5993687.23620948, 1978110.85258929)
"25112","Coleoptera",c(5993687.23620948, 1978110.85258929)
"25139","Coleoptera",c(5994723.61358023, 1977072.2951303)
"25140","Coleoptera",c(5994723.61358023, 1977072.2951303)
"25141","Coleoptera",c(5994723.61358023, 1977072.2951303)
"25277","Coleoptera",c(5993687.23620948, 1978110.85258929)
"25278","Coleoptera",c(5993687.23620948, 1978110.85258929)
"25294","Coleoptera",c(5993687.23620948, 1978110.85258929)
"25378","Coleoptera",c(5994723.61358023, 1977072.2951303)
"25471","Coleoptera",c(5994723.61358023, 1977072.2951303)
"25472","Coleoptera",c(5994723.61358023, 1977072.2951303)
"25502","Coleoptera",c(5994723.61358023, 1977072.2951303)
"25503","Coleoptera",c(5994723.61358023, 1977072.2951303)
"25504","Coleoptera",c(5994723.61358023, 1977072.2951303)
"25505","Coleoptera",c(5994723.61358023, 1977072.2951303)
"25506","Coleoptera",c(5994723.61358023, 1977072.2951303)
"25507","Coleoptera",c(5994723.61358023, 1977072.2951303)
"25508","Coleoptera",c(5994723.61358023, 1977072.2951303)
"25509","Coleoptera",c(5993687.23620948, 1978110.85258929)
"25510","Coleoptera",c(5993687.23620948, 1978110.85258929)
"25511","Coleoptera",c(5993687.23620948, 1978110.85258929)
"25536","Coleoptera",c(5994723.61358023, 1977072.2951303)
"25537","Coleoptera",c(5994723.61358023, 1977072.2951303)
"25538","Coleoptera",c(5994723.61358023, 1977072.2951303)
"25576","Coleoptera",c(5994723.61358023, 1977072.2951303)
"25676","Coleoptera",c(5993687.23620948, 1978110.85258929)
"25762","Coleoptera",c(5993712.61901559, 1977855.58799892)
"25792","Coleoptera",c(5994723.61358023, 1977072.2951303)
"25873","Coleoptera",c(5994723.61358023, 1977072.2951303)
"25898","Coleoptera",c(5994723.61358023, 1977072.2951303)
"25914","Coleoptera",c(5994723.61358023, 1977072.2951303)
"25915","Coleoptera",c(5994723.61358023, 1977072.2951303)
"25916","Coleoptera",c(5994723.61358023, 1977072.2951303)
"25917","Coleoptera",c(5994723.61358023, 1977072.2951303)
"25918","Coleoptera",c(5994723.61358023, 1977072.2951303)
"25919","Coleoptera",c(5994723.61358023, 1977072.2951303)
"25920","Coleoptera",c(5994723.61358023, 1977072.2951303)
"25921","Coleoptera",c(5994723.61358023, 1977072.2951303)
"25922","Coleoptera",c(5994723.61358023, 1977072.2951303)
"25923","Coleoptera",c(5993687.23620948, 1978110.85258929)
"25945","Coleoptera",c(5994723.61358023, 1977072.2951303)
"25946","Coleoptera",c(5994723.61358023, 1977072.2951303)
"26084","Coleoptera",c(5993687.23620948, 1978110.85258929)
"26162","Coleoptera",c(5993712.61901559, 1977855.58799892)
"26272","Coleoptera",c(5994723.61358023, 1977072.2951303)
"26293","Coleoptera",c(5994723.61358023, 1977072.2951303)
"26294","Coleoptera",c(5994723.61358023, 1977072.2951303)
"26311","Coleoptera",c(5994723.61358023, 1977072.2951303)
"26312","Coleoptera",c(5994723.61358023, 1977072.2951303)
"26313","Coleoptera",c(5994723.61358023, 1977072.2951303)
"26314","Coleoptera",c(5994723.61358023, 1977072.2951303)
"26315","Coleoptera",c(5994723.61358023, 1977072.2951303)
"26316","Coleoptera",c(5994723.61358023, 1977072.2951303)
"26317","Coleoptera",c(5994723.61358023, 1977072.2951303)
"26318","Coleoptera",c(5993687.23620948, 1978110.85258929)
"26319","Coleoptera",c(5993687.23620948, 1978110.85258929)
"26320","Coleoptera",c(5993687.23620948, 1978110.85258929)
"26343","Coleoptera",c(5994723.61358023, 1977072.2951303)
"26344","Coleoptera",c(5994723.61358023, 1977072.2951303)
"26476","Coleoptera",c(5993687.23620948, 1978110.85258929)
"26574","Coleoptera",c(5994723.61358023, 1977072.2951303)
"26663","Coleoptera",c(5994723.61358023, 1977072.2951303)
"26685","Coleoptera",c(5994723.61358023, 1977072.2951303)
"26686","Coleoptera",c(5994723.61358023, 1977072.2951303)
"26702","Coleoptera",c(5994723.61358023, 1977072.2951303)
"26703","Coleoptera",c(5994723.61358023, 1977072.2951303)
"26704","Coleoptera",c(5994723.61358023, 1977072.2951303)
"26705","Coleoptera",c(5994723.61358023, 1977072.2951303)
"26706","Coleoptera",c(5994723.61358023, 1977072.2951303)
"26707","Coleoptera",c(5994723.61358023, 1977072.2951303)
"26708","Coleoptera",c(5994723.61358023, 1977072.2951303)
"26709","Coleoptera",c(5993687.23620948, 1978110.85258929)
"26710","Coleoptera",c(5993687.23620948, 1978110.85258929)
"26711","Coleoptera",c(5993687.23620948, 1978110.85258929)
"26738","Coleoptera",c(5994723.61358023, 1977072.2951303)
"26739","Coleoptera",c(5994723.61358023, 1977072.2951303)
"26740","Coleoptera",c(5994723.61358023, 1977072.2951303)
"26777","Coleoptera",c(5994723.61358023, 1977072.2951303)
"26874","Coleoptera",c(5993687.23620948, 1978110.85258929)
"26944","Coleoptera",c(5993712.61901559, 1977855.58799892)
"26967","Coleoptera",c(5994723.61358023, 1977072.2951303)
"27054","Coleoptera",c(5994723.61358023, 1977072.2951303)
"27076","Coleoptera",c(5994723.61358023, 1977072.2951303)
"27077","Coleoptera",c(5994723.61358023, 1977072.2951303)
"27094","Coleoptera",c(5994723.61358023, 1977072.2951303)
"27095","Coleoptera",c(5994723.61358023, 1977072.2951303)
"27096","Coleoptera",c(5994723.61358023, 1977072.2951303)
"27097","Coleoptera",c(5994723.61358023, 1977072.2951303)
"27098","Coleoptera",c(5994723.61358023, 1977072.2951303)
"27099","Coleoptera",c(5993687.23620948, 1978110.85258929)
"27100","Coleoptera",c(5993687.23620948, 1978110.85258929)
"27101","Coleoptera",c(5993687.23620948, 1978110.85258929)
"27123","Coleoptera",c(5994723.61358023, 1977072.2951303)
"27124","Coleoptera",c(5994723.61358023, 1977072.2951303)
"27261","Coleoptera",c(5993687.23620948, 1978110.85258929)
"27279","Coleoptera",c(5993687.23620948, 1978110.85258929)
"27281","Coleoptera",c(5993687.23620948, 1978110.85258929)
"27384","Hymenoptera",c(5995099.13682924, 1977472.93579782)
"27568","Odonata",c(5996669.36288598, 1979531.80077575)
"27587","Lepidoptera",c(5994303.52509747, 1978110.9581044)
"28203","Decapoda",c(5994036.31832671, 1977840.42485135)
"28239","Hymenoptera",c(5995102.27120613, 1976091.19450864)
"28464","Decapoda",c(5995650.28902042, 1976084.23262727)
"28996","Decapoda",c(5995069.05392426, 1975831.20296646)
"29000","Decapoda",c(5995104.00729085, 1975796.69916794)
"29017","Odonata",c(5995759.50530506, 1978556.91895277)
"29029","Decapoda",c(5995126.60502027, 1975795.18486908)
"29031","Hymenoptera",c(5994424.90681691, 1978729.64321357)
"29241","Coleoptera",c(5993687.23620948, 1978110.85258929)
"29257","Coleoptera",c(5994723.61358023, 1977072.2951303)
"29475","Decapoda",c(5995670.30299399, 1976122.07721256)
"29559","Hymenoptera",c(5995144.68984613, 1976649.84484117)
"29720","Hymenoptera",c(5995400.97049429, 1976400.09512269)
"30223","Araneae",c(5994491.12648413, 1979544.09248941)
"30316","Hymenoptera",c(5994824.37127749, 1979556.42159271)
"30320","Hymenoptera",c(5994633.00685447, 1978679.15949678)
"30322","Hymenoptera",c(5994824.37127749, 1979556.42159271)
"30324","Hymenoptera",c(5994824.37127749, 1979556.42159271)
"30325","Hymenoptera",c(5994824.37127749, 1979556.42159271)
"30327","Hymenoptera",c(5994633.00685447, 1978679.15949678)
"30328","Hymenoptera",c(5994824.37127749, 1979556.42159271)
"30329","Hymenoptera",c(5994824.37127749, 1979556.42159271)
"30332","Hymenoptera",c(5994824.37127749, 1979556.42159271)
"30336","Hymenoptera",c(5994824.37127749, 1979556.42159271)
"30338","Hymenoptera",c(5994824.37127749, 1979556.42159271)
"30341","Hymenoptera",c(5994633.00685447, 1978679.15949678)
"30344","Hymenoptera",c(5994633.00685447, 1978679.15949678)
"30346","Hymenoptera",c(5994824.37127749, 1979556.42159271)
"30349","Hymenoptera",c(5994824.37127749, 1979556.42159271)
"30351","Hymenoptera",c(5994344.38554373, 1977763.68044474)
"30353","Hymenoptera",c(5994824.37127749, 1979556.42159271)
"30355","Hymenoptera",c(5994824.37127749, 1979556.42159271)
"30356","Hymenoptera",c(5994824.37127749, 1979556.42159271)
"30370","Hymenoptera",c(5994824.37127749, 1979556.42159271)
"30372","Hymenoptera",c(5994344.38554373, 1977763.68044474)
"30375","Hymenoptera",c(5994824.37127749, 1979556.42159271)
"30381","Hymenoptera",c(5994824.37127749, 1979556.42159271)
"30384","Hymenoptera",c(5994824.37127749, 1979556.42159271)
"30390","Hymenoptera",c(5994344.38554373, 1977763.68044474)
"30392","Hymenoptera",c(5994824.37127749, 1979556.42159271)
"30396","Hymenoptera",c(5994633.00685447, 1978679.15949678)
"30400","Hymenoptera",c(5994344.38554373, 1977763.68044474)
"30402","Hymenoptera",c(5994824.37127749, 1979556.42159271)
"30403","Hymenoptera",c(5994824.37127749, 1979556.42159271)
"30404","Hymenoptera",c(5994344.38554373, 1977763.68044474)
"30406","Hymenoptera",c(5994824.37127749, 1979556.42159271)
"30407","Hymenoptera",c(5994633.00685447, 1978679.15949678)
"30408","Hymenoptera",c(5994824.37127749, 1979556.42159271)
"30413","Hymenoptera",c(5994344.38554373, 1977763.68044474)
"30414","Hymenoptera",c(5994824.37127749, 1979556.42159271)
"30417","Hymenoptera",c(5994633.00685447, 1978679.15949678)
"30424","Hymenoptera",c(5994824.37127749, 1979556.42159271)
"30427","Hymenoptera",c(5994344.38554373, 1977763.68044474)
"30431","Hymenoptera",c(5994824.37127749, 1979556.42159271)
"30434","Hymenoptera",c(5994633.00685447, 1978679.15949678)
"30436","Hymenoptera",c(5994344.38554373, 1977763.68044474)
"30437","Hymenoptera",c(5994824.37127749, 1979556.42159271)
"30439","Hymenoptera",c(5994344.38554373, 1977763.68044474)
"30440","Hymenoptera",c(5994824.37127749, 1979556.42159271)
"30442","Hymenoptera",c(5994824.37127749, 1979556.42159271)
"30444","Hymenoptera",c(5994344.38554373, 1977763.68044474)
"30445","Hymenoptera",c(5994344.38554373, 1977763.68044474)
"30447","Hymenoptera",c(5994824.37127749, 1979556.42159271)
"30453","Hymenoptera",c(5994824.37127749, 1979556.42159271)
"30454","Hymenoptera",c(5994824.37127749, 1979556.42159271)
"30458","Hymenoptera",c(5994633.00685447, 1978679.15949678)
"30460","Hymenoptera",c(5994633.00685447, 1978679.15949678)
"30468","Hymenoptera",c(5994344.38554373, 1977763.68044474)
"30472","Hymenoptera",c(5994824.37127749, 1979556.42159271)
"30473","Hymenoptera",c(5994344.38554373, 1977763.68044474)
"30476","Hymenoptera",c(5994824.37127749, 1979556.42159271)
"30485","Hymenoptera",c(5994824.37127749, 1979556.42159271)
"30491","Hymenoptera",c(5994633.00685447, 1978679.15949678)
"30492","Hymenoptera",c(5994824.37127749, 1979556.42159271)
"30632","Hymenoptera",c(5993982.09293703, 1977908.77743342)
"30635","Hymenoptera",c(5994633.00685447, 1978679.15949678)
"30637","Hymenoptera",c(5993982.09293703, 1977908.77743342)
"30648","Hymenoptera",c(5994633.00685447, 1978679.15949678)
"30659","Hymenoptera",c(5993982.09293703, 1977908.77743342)
"30660","Hymenoptera",c(5994036.56144064, 1977434.5779758)
"30671","Hymenoptera",c(5993982.09293703, 1977908.77743342)
"30677","Hymenoptera",c(5993982.09293703, 1977908.77743342)
"30678","Hymenoptera",c(5993982.09293703, 1977908.77743342)
"30679","Hymenoptera",c(5994633.00685447, 1978679.15949678)
"30683","Hymenoptera",c(5993982.09293703, 1977908.77743342)
"30685","Hymenoptera",c(5993982.09293703, 1977908.77743342)
"30689","Hymenoptera",c(5994633.00685447, 1978679.15949678)
"30691","Hymenoptera",c(5993982.09293703, 1977908.77743342)
"30700","Hymenoptera",c(5994633.00685447, 1978679.15949678)
"30709","Hymenoptera",c(5994633.00685447, 1978679.15949678)
"30722","Hymenoptera",c(5993982.09293703, 1977908.77743342)
"30726","Hymenoptera",c(5994633.00685447, 1978679.15949678)
"30729","Hymenoptera",c(5993982.09293703, 1977908.77743342)
"30732","Hymenoptera",c(5994633.00685447, 1978679.15949678)
"30735","Hymenoptera",c(5994633.00685447, 1978679.15949678)
"30737","Hymenoptera",c(5994633.00685447, 1978679.15949678)
"30738","Hymenoptera",c(5994633.00685447, 1978679.15949678)
"30742","Hymenoptera",c(5995076.26225593, 1976410.53046803)
"30744","Hymenoptera",c(5993982.09293703, 1977908.77743342)
"30746","Hymenoptera",c(5994633.00685447, 1978679.15949678)
"30748","Hymenoptera",c(5994633.00685447, 1978679.15949678)
"30751","Hymenoptera",c(5994633.00685447, 1978679.15949678)
"30752","Hymenoptera",c(5994633.00685447, 1978679.15949678)
"30753","Hymenoptera",c(5994633.00685447, 1978679.15949678)
"30765","Hymenoptera",c(5994633.00685447, 1978679.15949678)
"30768","Hymenoptera",c(5994633.00685447, 1978679.15949678)
"30771","Hymenoptera",c(5994633.00685447, 1978679.15949678)
"30774","Hymenoptera",c(5994344.38554373, 1977763.68044474)
"30775","Hymenoptera",c(5994633.00685447, 1978679.15949678)
"30777","Hymenoptera",c(5994633.00685447, 1978679.15949678)
"30779","Hymenoptera",c(5994633.00685447, 1978679.15949678)
"30780","Hymenoptera",c(5993982.09293703, 1977908.77743342)
"30810","Hymenoptera",c(5994824.37127749, 1979556.42159271)
"30823","Hymenoptera",c(5994824.37127749, 1979556.42159271)
"30829","Hymenoptera",c(5994824.37127749, 1979556.42159271)
"30833","Hymenoptera",c(5994824.37127749, 1979556.42159271)
"30838","Hymenoptera",c(5994824.37127749, 1979556.42159271)
"30843","Hymenoptera",c(5994824.37127749, 1979556.42159271)
"30844","Hymenoptera",c(5994824.37127749, 1979556.42159271)
"30871","Hymenoptera",c(5994824.37127749, 1979556.42159271)
"30875","Hymenoptera",c(5994824.37127749, 1979556.42159271)
"30879","Hymenoptera",c(5994824.37127749, 1979556.42159271)
"30881","Hymenoptera",c(5994824.37127749, 1979556.42159271)
"30888","Hymenoptera",c(5994824.37127749, 1979556.42159271)
"30895","Hymenoptera",c(5994824.37127749, 1979556.42159271)
"30897","Hymenoptera",c(5994824.37127749, 1979556.42159271)
"30908","Hymenoptera",c(5994824.37127749, 1979556.42159271)
"31543","Hymenoptera",c(5995099.12322727, 1977472.20808426)
"31549","Hymenoptera",c(5994476.62349319, 1979446.08815731)
"31557","Hymenoptera",c(5993910.66931083, 1978137.96928453)
"31569","Hymenoptera",c(5994607.95453089, 1977952.75200016)
"31576","Hymenoptera",c(5994607.95453089, 1977952.75200016)
"31586","Hymenoptera",c(5995099.12322727, 1977472.20808426)
"31587","Hymenoptera",c(5995099.12322727, 1977472.20808426)
"31588","Hymenoptera",c(5995099.12322727, 1977472.20808426)
"31589","Hymenoptera",c(5995099.12322727, 1977472.20808426)
"31590","Hymenoptera",c(5995099.12322727, 1977472.20808426)
"31591","Hymenoptera",c(5995099.12322727, 1977472.20808426)
"31592","Hymenoptera",c(5995099.12322727, 1977472.20808426)
"31593","Hymenoptera",c(5995030.12287891, 1977799.26348703)
"31594","Hymenoptera",c(5995030.12287891, 1977799.26348703)
"31595","Hymenoptera",c(5995030.12287891, 1977799.26348703)
"31596","Hymenoptera",c(5995030.12287891, 1977799.26348703)
"31597","Hymenoptera",c(5995030.12287891, 1977799.26348703)
"31598","Hymenoptera",c(5995030.12287891, 1977799.26348703)
"31599","Hymenoptera",c(5995030.12287891, 1977799.26348703)
"31600","Hymenoptera",c(5995030.12287891, 1977799.26348703)
"31601","Hymenoptera",c(5995030.12287891, 1977799.26348703)
"31602","Hymenoptera",c(5995030.12287891, 1977799.26348703)
"31603","Hymenoptera",c(5995030.12287891, 1977799.26348703)
"31604","Hymenoptera",c(5995030.12287891, 1977799.26348703)
"31605","Hymenoptera",c(5995030.12287891, 1977799.26348703)
"31606","Hymenoptera",c(5995099.12322727, 1977472.20808426)
"31607","Hymenoptera",c(5994977.3341645, 1976121.19266513)
"31608","Hymenoptera",c(5994046.747402, 1977608.00766389)
"31609","Hymenoptera",c(5994046.747402, 1977608.00766389)
"31610","Hymenoptera",c(5994977.3341645, 1976121.19266513)
"31611","Hymenoptera",c(5993910.66931083, 1978137.96928453)
"31612","Hymenoptera",c(5994977.3341645, 1976121.19266513)
"31613","Hymenoptera",c(5996880.33060482, 1979489.65061059)
"31614","Hymenoptera",c(5994046.747402, 1977608.00766389)
"31615","Hymenoptera",c(5995088.25837425, 1978440.24444047)
"31616","Hymenoptera",c(5994607.95453089, 1977952.75200016)
"31617","Hymenoptera",c(5994607.95453089, 1977952.75200016)
"31618","Hymenoptera",c(5995088.25837425, 1978440.24444047)
"31619","Hymenoptera",c(5994607.95453089, 1977952.75200016)
"31620","Hymenoptera",c(5994607.95453089, 1977952.75200016)
"31621","Hymenoptera",c(5994607.95453089, 1977952.75200016)
"31622","Hymenoptera",c(5994607.95453089, 1977952.75200016)
"31623","Hymenoptera",c(5994607.95453089, 1977952.75200016)
"31624","Hymenoptera",c(5994046.747402, 1977608.00766389)
"31625","Hymenoptera",c(5994607.95453089, 1977952.75200016)
"31626","Hymenoptera",c(5994046.747402, 1977608.00766389)
"31627","Hymenoptera",c(5994046.747402, 1977608.00766389)
"31628","Hymenoptera",c(5994046.747402, 1977608.00766389)
"31633","Hymenoptera",c(5994476.62349319, 1979446.08815731)
"31634","Hymenoptera",c(5994476.62349319, 1979446.08815731)
"31635","Hymenoptera",c(5994476.62349319, 1979446.08815731)
"31636","Hymenoptera",c(5994476.62349319, 1979446.08815731)
"31637","Hymenoptera",c(5994476.62349319, 1979446.08815731)
"31638","Hymenoptera",c(5994476.62349319, 1979446.08815731)
"31639","Hymenoptera",c(5994476.62349319, 1979446.08815731)
"31640","Hymenoptera",c(5994476.62349319, 1979446.08815731)
"31641","Hymenoptera",c(5994476.62349319, 1979446.08815731)
"31642","Hymenoptera",c(5994476.62349319, 1979446.08815731)
"31643","Hymenoptera",c(5994476.62349319, 1979446.08815731)
"31644","Hymenoptera",c(5994476.62349319, 1979446.08815731)
"31645","Hymenoptera",c(5994476.62349319, 1979446.08815731)
"31646","Hymenoptera",c(5994476.62349319, 1979446.08815731)
"31648","Hymenoptera",c(5995099.12322727, 1977472.20808426)
"31650","Hymenoptera",c(5995099.12322727, 1977472.20808426)
"31651","Hymenoptera",c(5995099.12322727, 1977472.20808426)
"31652","Hymenoptera",c(5995099.12322727, 1977472.20808426)
"31653","Hymenoptera",c(5995099.12322727, 1977472.20808426)
"31654","Hymenoptera",c(5995099.12322727, 1977472.20808426)
"31655","Hymenoptera",c(5994476.62349319, 1979446.08815731)
"31656","Hymenoptera",c(5994476.62349319, 1979446.08815731)
"31657","Hymenoptera",c(5994476.62349319, 1979446.08815731)
"31658","Hymenoptera",c(5994476.62349319, 1979446.08815731)
"31659","Hymenoptera",c(5994476.62349319, 1979446.08815731)
"31660","Hymenoptera",c(5994476.62349319, 1979446.08815731)
"31661","Hymenoptera",c(5994476.62349319, 1979446.08815731)
"31664","Hymenoptera",c(5994476.62349319, 1979446.08815731)
"31665","Hymenoptera",c(5994476.62349319, 1979446.08815731)
"31666","Hymenoptera",c(5994476.62349319, 1979446.08815731)
"31678","Hymenoptera",c(5996880.33060482, 1979489.65061059)
"31689","Hymenoptera",c(5994607.95453089, 1977952.75200016)
"31712","Hymenoptera",c(5994824.37127749, 1979556.42159271)
"31735","Hymenoptera",c(5995350.4655805, 1977152.3011915)
"31736","Hymenoptera",c(5995796.36181333, 1979513.14438346)
"31737","Hymenoptera",c(5994046.747402, 1977608.00766389)
"31738","Hymenoptera",c(5993910.66931083, 1978137.96928453)
"31739","Hymenoptera",c(5994607.95453089, 1977952.75200016)
"31740","Hymenoptera",c(5994476.62349319, 1979446.08815731)
"31741","Hymenoptera",c(5995099.12322727, 1977472.20808426)
"31744","Hymenoptera",c(5994476.62349319, 1979446.08815731)
"31746","Hymenoptera",c(5995099.12322727, 1977472.20808426)
"31748","Hymenoptera",c(5995099.12322727, 1977472.20808426)
"31749","Hymenoptera",c(5993910.66931083, 1978137.96928453)
"31750","Hymenoptera",c(5994607.95453089, 1977952.75200016)
"31751","Hymenoptera",c(5993910.66931083, 1978137.96928453)
"31752","Hymenoptera",c(5994046.747402, 1977608.00766389)
"31754","Hymenoptera",c(5994607.95453089, 1977952.75200016)
"31755","Hymenoptera",c(5994046.747402, 1977608.00766389)
"31756","Hymenoptera",c(5994476.62349319, 1979446.08815731)
"31757","Hymenoptera",c(5994046.747402, 1977608.00766389)
"31761","Hymenoptera",c(5995099.12322727, 1977472.20808426)
"31763","Hymenoptera",c(5995030.12287891, 1977799.26348703)
"31764","Hymenoptera",c(5995030.12287891, 1977799.26348703)
"31767","Hymenoptera",c(5994607.95453089, 1977952.75200016)
"31769","Hymenoptera",c(5994476.62349319, 1979446.08815731)
"31773","Hymenoptera",c(5994046.747402, 1977608.00766389)
"31774","Hymenoptera",c(5995030.12287891, 1977799.26348703)
"31775","Hymenoptera",c(5994046.747402, 1977608.00766389)
"31776","Hymenoptera",c(5994977.3341645, 1976121.19266513)
"31778","Hymenoptera",c(5995030.12287891, 1977799.26348703)
"31779","Hymenoptera",c(5994046.747402, 1977608.00766389)
"31782","Hymenoptera",c(5995796.36181333, 1979513.14438346)
"31789","Hymenoptera",c(5994476.62349319, 1979446.08815731)
"31792","Hymenoptera",c(5995099.12322727, 1977472.20808426)
"31796","Hymenoptera",c(5994476.62349319, 1979446.08815731)
"31797","Hymenoptera",c(5994046.747402, 1977608.00766389)
"31799","Hymenoptera",c(5994476.62349319, 1979446.08815731)
"31801","Hymenoptera",c(5994476.62349319, 1979446.08815731)
"31802","Hymenoptera",c(5994476.62349319, 1979446.08815731)
"31803","Hymenoptera",c(5995030.12287891, 1977799.26348703)
"31805","Hymenoptera",c(5994476.62349319, 1979446.08815731)
"31806","Hymenoptera",c(5994046.747402, 1977608.00766389)
"31807","Hymenoptera",c(5995030.12287891, 1977799.26348703)
"31810","Hymenoptera",c(5995030.12287891, 1977799.26348703)
"31812","Hymenoptera",c(5995350.4655805, 1977152.3011915)
"32003","Hymenoptera",c(5994824.37127749, 1979556.42159271)
"32041","Hymenoptera",c(5994824.37127749, 1979556.42159271)
"32042","Hymenoptera",c(5994824.37127749, 1979556.42159271)
"32047","Hymenoptera",c(5994824.37127749, 1979556.42159271)
"32056","Hymenoptera",c(5994824.37127749, 1979556.42159271)
"32058","Hymenoptera",c(5994824.37127749, 1979556.42159271)
"32060","Hymenoptera",c(5994824.37127749, 1979556.42159271)
"32065","Hymenoptera",c(5994824.37127749, 1979556.42159271)
"32067","Hymenoptera",c(5994824.37127749, 1979556.42159271)
"32092","Hymenoptera",c(5994824.37127749, 1979556.42159271)
"32107","Hymenoptera",c(5994824.37127749, 1979556.42159271)
"32119","Hymenoptera",c(5994824.37127749, 1979556.42159271)
"32131","Hymenoptera",c(5994824.37127749, 1979556.42159271)
"32159","Hymenoptera",c(5994824.37127749, 1979556.42159271)
"32183","Hymenoptera",c(5994633.00685447, 1978679.15949678)
"32388","Pedunculata",c(5995018.35974953, 1975895.11975181)
"32463","Hymenoptera",c(5994607.95453089, 1977952.75200016)
"32464","Hymenoptera",c(5994607.95453089, 1977952.75200016)
"32470","Hymenoptera",c(5994633.00685447, 1978679.15949678)
"32476","Hymenoptera",c(5995043.01489767, 1977843.42852794)
"32477","Hymenoptera",c(5994607.95453089, 1977952.75200016)
"32491","Hymenoptera",c(5994607.95453089, 1977952.75200016)
"32492","Hymenoptera",c(5994607.95453089, 1977952.75200016)
"32493","Hymenoptera",c(5994344.38554373, 1977763.68044474)
"32494","Hymenoptera",c(5994607.95453089, 1977952.75200016)
"32496","Hymenoptera",c(5994344.38554373, 1977763.68044474)
"32497","Hymenoptera",c(5994607.95453089, 1977952.75200016)
"32499","Hymenoptera",c(5994607.95453089, 1977952.75200016)
"32503","Hymenoptera",c(5994607.95453089, 1977952.75200016)
"32505","Hymenoptera",c(5994607.95453089, 1977952.75200016)
"32508","Hymenoptera",c(5994607.95453089, 1977952.75200016)
"32513","Hymenoptera",c(5994607.95453089, 1977952.75200016)
"32525","Hymenoptera",c(5994607.95453089, 1977952.75200016)
"32533","Hymenoptera",c(5994607.95453089, 1977952.75200016)
"32535","Hymenoptera",c(5994344.38554373, 1977763.68044474)
"32540","Hymenoptera",c(5994824.37127749, 1979556.42159271)
"32542","Hymenoptera",c(5994827.05789758, 1979554.91541198)
"32543","Hymenoptera",c(5993982.09293703, 1977908.77743342)
"32545","Hymenoptera",c(5995086.66053872, 1978064.27888564)
"32550","Hymenoptera",c(5994827.05789758, 1979554.91541198)
"32551","Hymenoptera",c(5994607.95453089, 1977952.75200016)
"32557","Hymenoptera",c(5994633.00685447, 1978679.15949678)
"32562","Hymenoptera",c(5994607.95453089, 1977952.75200016)
"32696","Hymenoptera",c(5994344.38554373, 1977763.68044474)
"32697","Hymenoptera",c(5994633.00685447, 1978679.15949678)
"32698","Hymenoptera",c(5994633.00685447, 1978679.15949678)
"32701","Hymenoptera",c(5994633.00685447, 1978679.15949678)
"32702","Hymenoptera",c(5994633.00685447, 1978679.15949678)
"32703","Lepidoptera",c(5994633.00685447, 1978679.15949678)
"32704","Lepidoptera",c(5994824.37127749, 1979556.42159271)
"32705","Hymenoptera",c(5994824.37127749, 1979556.42159271)
"32713","Hymenoptera",c(5994633.00685447, 1978679.15949678)
"32714","Hymenoptera",c(5994036.56144064, 1977434.5779758)
"32716","Hymenoptera",c(5994824.37127749, 1979556.42159271)
"32717","Lepidoptera",c(5994633.00685447, 1978679.15949678)
"32719","Lepidoptera",c(5994633.00685447, 1978679.15949678)
"32723","Hymenoptera",c(5994824.37127749, 1979556.42159271)
"32724","Hymenoptera",c(5994824.37127749, 1979556.42159271)
"32725","Hymenoptera",c(5993982.09293703, 1977908.77743342)
"32727","Hymenoptera",c(5994344.38554373, 1977763.68044474)
"32728","Hymenoptera",c(5994633.00685447, 1978679.15949678)
"32729","Hymenoptera",c(5994633.00685447, 1978679.15949678)
"32730","Hymenoptera",c(5994824.37127749, 1979556.42159271)
"32732","Hymenoptera",c(5994824.37127749, 1979556.42159271)
"32733","Hymenoptera",c(5994824.37127749, 1979556.42159271)
"32737","Hymenoptera",c(5994633.00685447, 1978679.15949678)
"32739","Hymenoptera",c(5995638.52317507, 1979541.20647557)
"32740","Hymenoptera",c(5994633.00685447, 1978679.15949678)
"32742","Hymenoptera",c(5994824.37127749, 1979556.42159271)
"32743","Hymenoptera",c(5994824.37127749, 1979556.42159271)
"32744","Hymenoptera",c(5994633.00685447, 1978679.15949678)
"32745","Hymenoptera",c(5995638.52317507, 1979541.20647557)
"32747","Hymenoptera",c(5994633.00685447, 1978679.15949678)
"32750","Hymenoptera",c(5994824.37127749, 1979556.42159271)
"32754","Hymenoptera",c(5994824.37127749, 1979556.42159271)
"32755","Hymenoptera",c(5995076.26225593, 1976410.53046803)
"32757","Hymenoptera",c(5994824.37127749, 1979556.42159271)
"32758","Hymenoptera",c(5994824.37127749, 1979556.42159271)
"32759","Hymenoptera",c(5995638.52317507, 1979541.20647557)
"32760","Hymenoptera",c(5994824.37127749, 1979556.42159271)
"32764","Hymenoptera",c(5994344.38554373, 1977763.68044474)
"32766","Hymenoptera",c(5994824.37127749, 1979556.42159271)
"32770","Hymenoptera",c(5994824.37127749, 1979556.42159271)
"32771","Hymenoptera",c(5994633.00685447, 1978679.15949678)
"32773","Hymenoptera",c(5994824.37127749, 1979556.42159271)
"32775","Hymenoptera",c(5995076.26225593, 1976410.53046803)
"32776","Hymenoptera",c(5994344.38554373, 1977763.68044474)
"32777","Hymenoptera",c(5994633.00685447, 1978679.15949678)
"32781","Hymenoptera",c(5995638.52317507, 1979541.20647557)
"32782","Hymenoptera",c(5994633.00685447, 1978679.15949678)
"32783","Hymenoptera",c(5993982.09293703, 1977908.77743342)
"32786","Hymenoptera",c(5993982.09293703, 1977908.77743342)
"32788","Hymenoptera",c(5995076.26225593, 1976410.53046803)
"32790","Hymenoptera",c(5995638.52317507, 1979541.20647557)
"32792","Hymenoptera",c(5995638.52317507, 1979541.20647557)
"32794","Hymenoptera",c(5994824.37127749, 1979556.42159271)
"32795","Hymenoptera",c(5994824.37127749, 1979556.42159271)
"32796","Hymenoptera",c(5995638.52317507, 1979541.20647557)
"32800","Hymenoptera",c(5994036.56144064, 1977434.5779758)
"32803","Hymenoptera",c(5993982.09293703, 1977908.77743342)
"32804","Hymenoptera",c(5994824.37127749, 1979556.42159271)
"32805","Hymenoptera",c(5994633.00685447, 1978679.15949678)
"32808","Hymenoptera",c(5994824.37127749, 1979556.42159271)
"32809","Hymenoptera",c(5994633.00685447, 1978679.15949678)
"32814","Hymenoptera",c(5995638.52317507, 1979541.20647557)
"32816","Hymenoptera",c(5994633.00685447, 1978679.15949678)
"32819","Hymenoptera",c(5994824.37127749, 1979556.42159271)
"32823","Hymenoptera",c(5993982.09293703, 1977908.77743342)
"32824","Hymenoptera",c(5995638.52317507, 1979541.20647557)
"32830","Hymenoptera",c(5994824.37127749, 1979556.42159271)
"32831","Hymenoptera",c(5994824.37127749, 1979556.42159271)
"32832","Hymenoptera",c(5994633.00685447, 1978679.15949678)
"32833","Hymenoptera",c(5994633.00685447, 1978679.15949678)
"32838","Hymenoptera",c(5994633.00685447, 1978679.15949678)
"32839","Hymenoptera",c(5994633.00685447, 1978679.15949678)
"32842","Hymenoptera",c(5995638.52317507, 1979541.20647557)
"32846","Hymenoptera",c(5993982.09293703, 1977908.77743342)
"32849","Hymenoptera",c(5994824.37127749, 1979556.42159271)
"32851","Hymenoptera",c(5995638.52317507, 1979541.20647557)
"32853","Hymenoptera",c(5994824.37127749, 1979556.42159271)
"32856","Hymenoptera",c(5994824.37127749, 1979556.42159271)
"32857","Hymenoptera",c(5995638.52317507, 1979541.20647557)
"32858","Hymenoptera",c(5995638.52317507, 1979541.20647557)
"32859","Hymenoptera",c(5995638.52317507, 1979541.20647557)
"32860","Lepidoptera",c(5994633.00685447, 1978679.15949678)
"32863","Hymenoptera",c(5994824.37127749, 1979556.42159271)
"32864","Hymenoptera",c(5994633.00685447, 1978679.15949678)
"32865","Hymenoptera",c(5995638.52317507, 1979541.20647557)
"32867","Hymenoptera",c(5994633.00685447, 1978679.15949678)
"32868","Hymenoptera",c(5995638.52317507, 1979541.20647557)
"32870","Hymenoptera",c(5994633.00685447, 1978679.15949678)
"32878","Hymenoptera",c(5994633.00685447, 1978679.15949678)
"32880","Hymenoptera",c(5994824.37127749, 1979556.42159271)
"32886","Hymenoptera",c(5994824.37127749, 1979556.42159271)
"32890","Hymenoptera",c(5994633.00685447, 1978679.15949678)
"32891","Hymenoptera",c(5995638.52317507, 1979541.20647557)
"32892","Hymenoptera",c(5994633.00685447, 1978679.15949678)
"32893","Hymenoptera",c(5994824.37127749, 1979556.42159271)
"32895","Hymenoptera",c(5994633.00685447, 1978679.15949678)
"32898","Hymenoptera",c(5994344.38554373, 1977763.68044474)
"32900","Hymenoptera",c(5994824.37127749, 1979556.42159271)
"32903","Hymenoptera",c(5994824.37127749, 1979556.42159271)
"32908","Hymenoptera",c(5994633.00685447, 1978679.15949678)
"32911","Hymenoptera",c(5995638.52317507, 1979541.20647557)
"32913","Hymenoptera",c(5994824.37127749, 1979556.42159271)
"32915","Hymenoptera",c(5994633.00685447, 1978679.15949678)
"32919","Hymenoptera",c(5994633.00685447, 1978679.15949678)
"32920","Hymenoptera",c(5994633.00685447, 1978679.15949678)
"32922","Hymenoptera",c(5995638.52317507, 1979541.20647557)
"32924","Lepidoptera",c(5994633.00685447, 1978679.15949678)
"32925","Hymenoptera",c(5994824.37127749, 1979556.42159271)
"32927","Hymenoptera",c(5994824.37127749, 1979556.42159271)
"32929","Hymenoptera",c(5995638.52317507, 1979541.20647557)
"32932","Hymenoptera",c(5995638.52317507, 1979541.20647557)
"32933","Hymenoptera",c(5994633.00685447, 1978679.15949678)
"32938","Hymenoptera",c(5995638.52317507, 1979541.20647557)
"32939","Hymenoptera",c(5994824.37127749, 1979556.42159271)
"32944","Hymenoptera",c(5994344.38554373, 1977763.68044474)
"32949","Hymenoptera",c(5994633.00685447, 1978679.15949678)
"32956","Hymenoptera",c(5994344.38554373, 1977763.68044474)
"32958","Hymenoptera",c(5994824.37127749, 1979556.42159271)
"32962","Lepidoptera",c(5993982.09293703, 1977908.77743342)
"32963","Hymenoptera",c(5994824.37127749, 1979556.42159271)
"32969","Hymenoptera",c(5995638.52317507, 1979541.20647557)
"32971","Hymenoptera",c(5994824.37127749, 1979556.42159271)
"32972","Hymenoptera",c(5994344.38554373, 1977763.68044474)
"32974","Hymenoptera",c(5995638.52317507, 1979541.20647557)
"32977","Hymenoptera",c(5995638.52317507, 1979541.20647557)
"32981","Hymenoptera",c(5994824.37127749, 1979556.42159271)
"32983","Hymenoptera",c(5994824.37127749, 1979556.42159271)
"32985","Hymenoptera",c(5994036.56144064, 1977434.5779758)
"32990","Hymenoptera",c(5994824.37127749, 1979556.42159271)
"32991","Hymenoptera",c(5994824.37127749, 1979556.42159271)
"32995","Hymenoptera",c(5995638.52317507, 1979541.20647557)
"32996","Hymenoptera",c(5994633.00685447, 1978679.15949678)
"32997","Hymenoptera",c(5994824.37127749, 1979556.42159271)
"32998","Hymenoptera",c(5994824.37127749, 1979556.42159271)
"33000","Hymenoptera",c(5994633.00685447, 1978679.15949678)
"33002","Hymenoptera",c(5994824.37127749, 1979556.42159271)
"33003","Hymenoptera",c(5995638.52317507, 1979541.20647557)
"33007","Hymenoptera",c(5994824.37127749, 1979556.42159271)
"33008","Hymenoptera",c(5995638.52317507, 1979541.20647557)
"33009","Hymenoptera",c(5995638.52317507, 1979541.20647557)
"33010","Hymenoptera",c(5995638.52317507, 1979541.20647557)
"33015","Hymenoptera",c(5994824.37127749, 1979556.42159271)
"33016","Hymenoptera",c(5994344.38554373, 1977763.68044474)
"33026","Hymenoptera",c(5994824.37127749, 1979556.42159271)
"33029","Hymenoptera",c(5994824.37127749, 1979556.42159271)
"33031","Hymenoptera",c(5995638.52317507, 1979541.20647557)
"33038","Hymenoptera",c(5994824.37127749, 1979556.42159271)
"33040","Hymenoptera",c(5994824.37127749, 1979556.42159271)
"33041","Hymenoptera",c(5994824.37127749, 1979556.42159271)
"33043","Hymenoptera",c(5995638.52317507, 1979541.20647557)
"33045","Hymenoptera",c(5994633.00685447, 1978679.15949678)
"33050","Hymenoptera",c(5994633.00685447, 1978679.15949678)
"33051","Hymenoptera",c(5995638.52317507, 1979541.20647557)
"33053","Hymenoptera",c(5994824.37127749, 1979556.42159271)
"33056","Hymenoptera",c(5995638.52317507, 1979541.20647557)
"33058","Hymenoptera",c(5994344.38554373, 1977763.68044474)
"33060","Hymenoptera",c(5994036.56144064, 1977434.5779758)
"33064","Hymenoptera",c(5994824.37127749, 1979556.42159271)
"33065","Lepidoptera",c(5994824.37127749, 1979556.42159271)
"33069","Hymenoptera",c(5994824.37127749, 1979556.42159271)
"33072","Hymenoptera",c(5994344.38554373, 1977763.68044474)
"33073","Hymenoptera",c(5994824.37127749, 1979556.42159271)
"33078","Hymenoptera",c(5995638.52317507, 1979541.20647557)
"33080","Hymenoptera",c(5994824.37127749, 1979556.42159271)
"33086","Hymenoptera",c(5995638.52317507, 1979541.20647557)
"33088","Hymenoptera",c(5993982.09293703, 1977908.77743342)
"33092","Hymenoptera",c(5995638.52317507, 1979541.20647557)
"33094","Hymenoptera",c(5995638.52317507, 1979541.20647557)
"33095","Hymenoptera",c(5994633.00685447, 1978679.15949678)
"33096","Hymenoptera",c(5994633.00685447, 1978679.15949678)
"33097","Hymenoptera",c(5993982.09293703, 1977908.77743342)
"33099","Hymenoptera",c(5994633.00685447, 1978679.15949678)
"33106","Hymenoptera",c(5995638.52317507, 1979541.20647557)
"33107","Hymenoptera",c(5995638.52317507, 1979541.20647557)
"33109","Hymenoptera",c(5995638.52317507, 1979541.20647557)
"33112","Hymenoptera",c(5994633.00685447, 1978679.15949678)
"33113","Hymenoptera",c(5994633.00685447, 1978679.15949678)
"33115","Hymenoptera",c(5994633.00685447, 1978679.15949678)
"33116","Hymenoptera",c(5995638.52317507, 1979541.20647557)
"33126","Hymenoptera",c(5995638.52317507, 1979541.20647557)
"33128","Hymenoptera",c(5994824.37127749, 1979556.42159271)
"33129","Hymenoptera",c(5994633.00685447, 1978679.15949678)
"33130","Hymenoptera",c(5994824.37127749, 1979556.42159271)
"33131","Hymenoptera",c(5993982.09293703, 1977908.77743342)
"33132","Lepidoptera",c(5994824.37127749, 1979556.42159271)
"33134","Hymenoptera",c(5994824.37127749, 1979556.42159271)
"33135","Hymenoptera",c(5994633.00685447, 1978679.15949678)
"33138","Hymenoptera",c(5994633.00685447, 1978679.15949678)
"33141","Hymenoptera",c(5995638.52317507, 1979541.20647557)
"33142","Hymenoptera",c(5994633.00685447, 1978679.15949678)
"33146","Hymenoptera",c(5995638.52317507, 1979541.20647557)
"33152","Hymenoptera",c(5994633.00685447, 1978679.15949678)
"33153","Hymenoptera",c(5994633.00685447, 1978679.15949678)
"33157","Hymenoptera",c(5995638.52317507, 1979541.20647557)
"33158","Hymenoptera",c(5995638.52317507, 1979541.20647557)
"33162","Lepidoptera",c(5994633.00685447, 1978679.15949678)
"33165","Hymenoptera",c(5995638.52317507, 1979541.20647557)
"33166","Hymenoptera",c(5995638.52317507, 1979541.20647557)
"33167","Hymenoptera",c(5995638.52317507, 1979541.20647557)
"33169","Hymenoptera",c(5995638.52317507, 1979541.20647557)
"33171","Hymenoptera",c(5995638.52317507, 1979541.20647557)
"33177","Hymenoptera",c(5994824.37127749, 1979556.42159271)
"33185","Hymenoptera",c(5995638.52317507, 1979541.20647557)
"33189","Hymenoptera",c(5994633.00685447, 1978679.15949678)
"33190","Hymenoptera",c(5994824.37127749, 1979556.42159271)
"33198","Lepidoptera",c(5994824.37127749, 1979556.42159271)
"33203","Hymenoptera",c(5994633.00685447, 1978679.15949678)
"33206","Hymenoptera",c(5995638.52317507, 1979541.20647557)
"33210","Hymenoptera",c(5995638.52317507, 1979541.20647557)
"33218","Hymenoptera",c(5994633.00685447, 1978679.15949678)
"33230","Hymenoptera",c(5995076.26225593, 1976410.53046803)
"33251","Hymenoptera",c(5994824.37127749, 1979556.42159271)
"33254","Hymenoptera",c(5995638.52317507, 1979541.20647557)
"33258","Hymenoptera",c(5995638.52317507, 1979541.20647557)
"33260","Hymenoptera",c(5993982.09293703, 1977908.77743342)
"33262","Hymenoptera",c(5994633.00685447, 1978679.15949678)
"33264","Hymenoptera",c(5995638.52317507, 1979541.20647557)
"33272","Hymenoptera",c(5994036.56144064, 1977434.5779758)
"33278","Hymenoptera",c(5995076.26225593, 1976410.53046803)
"33285","Hymenoptera",c(5994344.38554373, 1977763.68044474)
"33289","Hymenoptera",c(5993982.09293703, 1977908.77743342)
"33296","Hymenoptera",c(5994633.00685447, 1978679.15949678)
"33322","Hymenoptera",c(5993982.09293703, 1977908.77743342)
"33324","Hymenoptera",c(5993982.09293703, 1977908.77743342)
"33328","Hymenoptera",c(5993982.09293703, 1977908.77743342)
"33348","Hymenoptera",c(5994344.38554373, 1977763.68044474)
"33362","Hymenoptera",c(5994824.37127749, 1979556.42159271)
"33366","Hymenoptera",c(5995076.26225593, 1976410.53046803)
"33371","Hymenoptera",c(5994344.38554373, 1977763.68044474)
"33380","Hymenoptera",c(5995076.26225593, 1976410.53046803)
"33381","Hymenoptera",c(5995638.52317507, 1979541.20647557)
"33390","Hymenoptera",c(5994824.37127749, 1979556.42159271)
"33391","Hymenoptera",c(5994036.56144064, 1977434.5779758)
"33392","Hymenoptera",c(5994344.38554373, 1977763.68044474)
"33397","Hymenoptera",c(5993982.09293703, 1977908.77743342)
"33403","Hymenoptera",c(5993982.09293703, 1977908.77743342)
"33409","Hymenoptera",c(5994824.37127749, 1979556.42159271)
"33419","Hymenoptera",c(5994633.00685447, 1978679.15949678)
"33422","Hymenoptera",c(5994824.37127749, 1979556.42159271)
"33428","Hymenoptera",c(5994633.00685447, 1978679.15949678)
"33431","Hymenoptera",c(5995638.52317507, 1979541.20647557)
"33432","Hymenoptera",c(5994633.00685447, 1978679.15949678)
"33433","Hymenoptera",c(5995638.52317507, 1979541.20647557)
"33440","Hymenoptera",c(5994633.00685447, 1978679.15949678)
"33443","Hymenoptera",c(5994824.37127749, 1979556.42159271)
"33445","Hymenoptera",c(5994824.37127749, 1979556.42159271)
"33449","Hymenoptera",c(5995638.52317507, 1979541.20647557)
"33453","Hymenoptera",c(5994344.38554373, 1977763.68044474)
"33454","Hymenoptera",c(5994824.37127749, 1979556.42159271)
"33455","Hymenoptera",c(5994344.38554373, 1977763.68044474)
"33456","Hymenoptera",c(5994824.37127749, 1979556.42159271)
"33459","Hymenoptera",c(5994824.37127749, 1979556.42159271)
"33460","Hymenoptera",c(5994633.00685447, 1978679.15949678)
"33461","Hymenoptera",c(5994633.00685447, 1978679.15949678)
"33464","Lepidoptera",c(5994344.38554373, 1977763.68044474)
"33473","Hymenoptera",c(5995638.52317507, 1979541.20647557)
"33474","Hymenoptera",c(5994824.37127749, 1979556.42159271)
"33478","Hymenoptera",c(5994633.00685447, 1978679.15949678)
"33487","Hymenoptera",c(5994344.38554373, 1977763.68044474)
"33491","Hymenoptera",c(5995638.52317507, 1979541.20647557)
"33492","Hymenoptera",c(5995638.52317507, 1979541.20647557)
"33494","Hymenoptera",c(5994824.37127749, 1979556.42159271)
"33495","Hymenoptera",c(5994633.00685447, 1978679.15949678)
"33503","Hymenoptera",c(5994633.00685447, 1978679.15949678)
"33504","Hymenoptera",c(5994633.00685447, 1978679.15949678)
"33505","Hymenoptera",c(5994824.37127749, 1979556.42159271)
"33507","Hymenoptera",c(5993982.09293703, 1977908.77743342)
"33509","Hymenoptera",c(5994824.37127749, 1979556.42159271)
"33510","Hymenoptera",c(5995638.52317507, 1979541.20647557)
"33513","Hymenoptera",c(5995076.26225593, 1976410.53046803)
"33515","Hymenoptera",c(5994824.37127749, 1979556.42159271)
"33516","Hymenoptera",c(5995638.52317507, 1979541.20647557)
"33519","Hymenoptera",c(5994633.00685447, 1978679.15949678)
"33522","Hymenoptera",c(5994633.00685447, 1978679.15949678)
"33532","Hymenoptera",c(5995638.52317507, 1979541.20647557)
"33536","Hymenoptera",c(5994824.37127749, 1979556.42159271)
"33537","Lepidoptera",c(5994824.37127749, 1979556.42159271)
"33544","Hymenoptera",c(5995638.52317507, 1979541.20647557)
"33545","Hymenoptera",c(5994824.37127749, 1979556.42159271)
"33549","Hymenoptera",c(5995638.52317507, 1979541.20647557)
"33551","Hymenoptera",c(5994633.00685447, 1978679.15949678)
"33554","Hymenoptera",c(5995638.52317507, 1979541.20647557)
"33556","Hymenoptera",c(5994824.37127749, 1979556.42159271)
"33557","Hymenoptera",c(5994824.37127749, 1979556.42159271)
"33559","Hymenoptera",c(5994824.37127749, 1979556.42159271)
"33562","Hymenoptera",c(5994824.37127749, 1979556.42159271)
"33567","Hymenoptera",c(5995638.52317507, 1979541.20647557)
"33572","Hymenoptera",c(5993982.09293703, 1977908.77743342)
"33577","Hymenoptera",c(5994824.37127749, 1979556.42159271)
"33579","Hymenoptera",c(5994633.00685447, 1978679.15949678)
"33580","Hymenoptera",c(5995638.52317507, 1979541.20647557)
"33586","Hymenoptera",c(5995638.52317507, 1979541.20647557)
"33592","Hymenoptera",c(5995638.52317507, 1979541.20647557)
"33599","Hymenoptera",c(5993982.09293703, 1977908.77743342)
"33600","Hymenoptera",c(5994633.00685447, 1978679.15949678)
"33603","Hymenoptera",c(5995638.52317507, 1979541.20647557)
"33604","Hymenoptera",c(5994344.38554373, 1977763.68044474)
"33608","Hymenoptera",c(5995076.26225593, 1976410.53046803)
"33609","Hymenoptera",c(5994633.00685447, 1978679.15949678)
"33610","Hymenoptera",c(5993982.09293703, 1977908.77743342)
"33613","Hymenoptera",c(5995638.52317507, 1979541.20647557)
"33618","Hymenoptera",c(5993982.09293703, 1977908.77743342)
"33619","Hymenoptera",c(5994633.00685447, 1978679.15949678)
"33626","Hymenoptera",c(5994344.38554373, 1977763.68044474)
"33632","Hymenoptera",c(5995638.52317507, 1979541.20647557)
"33634","Hymenoptera",c(5994344.38554373, 1977763.68044474)
"33635","Lepidoptera",c(5994344.38554373, 1977763.68044474)
"33637","Hymenoptera",c(5995638.52317507, 1979541.20647557)
"33640","Hymenoptera",c(5995638.52317507, 1979541.20647557)
"33642","Hymenoptera",c(5995638.52317507, 1979541.20647557)
"33644","Hymenoptera",c(5995638.52317507, 1979541.20647557)
"33646","Hymenoptera",c(5994824.37127749, 1979556.42159271)
"33647","Hymenoptera",c(5995638.52317507, 1979541.20647557)
"33649","Lepidoptera",c(5994344.38554373, 1977763.68044474)
"33651","Hymenoptera",c(5994824.37127749, 1979556.42159271)
"33663","Hymenoptera",c(5995076.26225593, 1976410.53046803)
"33664","Hymenoptera",c(5994824.37127749, 1979556.42159271)
"33668","Hymenoptera",c(5995638.52317507, 1979541.20647557)
"33673","Hymenoptera",c(5995638.52317507, 1979541.20647557)
"33675","Hymenoptera",c(5994824.37127749, 1979556.42159271)
"33688","Hymenoptera",c(5995638.52317507, 1979541.20647557)
"33697","Hymenoptera",c(5994824.37127749, 1979556.42159271)
"33701","Hymenoptera",c(5994344.38554373, 1977763.68044474)
"33702","Hymenoptera",c(5994633.00685447, 1978679.15949678)
"33705","Lepidoptera",c(5994344.38554373, 1977763.68044474)
"33713","Hymenoptera",c(5993982.09293703, 1977908.77743342)
"33714","Hymenoptera",c(5994824.37127749, 1979556.42159271)
"33715","Hymenoptera",c(5994344.38554373, 1977763.68044474)
"33718","Hymenoptera",c(5993982.09293703, 1977908.77743342)
"33720","Hymenoptera",c(5994824.37127749, 1979556.42159271)
"33722","Hymenoptera",c(5995638.52317507, 1979541.20647557)
"33724","Lepidoptera",c(5994344.38554373, 1977763.68044474)
"33727","Hymenoptera",c(5995638.52317507, 1979541.20647557)
"33730","Hymenoptera",c(5995638.52317507, 1979541.20647557)
"33734","Hymenoptera",c(5994824.37127749, 1979556.42159271)
"33739","Hymenoptera",c(5995638.52317507, 1979541.20647557)
"33743","Hymenoptera",c(5995638.52317507, 1979541.20647557)
"33746","Hymenoptera",c(5994633.00685447, 1978679.15949678)
"33752","Lepidoptera",c(5994633.00685447, 1978679.15949678)
"33753","Hymenoptera",c(5994824.37127749, 1979556.42159271)
"33757","Hymenoptera",c(5995638.52317507, 1979541.20647557)
"33764","Hymenoptera",c(5995638.52317507, 1979541.20647557)
"33768","Hymenoptera",c(5994633.00685447, 1978679.15949678)
"33773","Hymenoptera",c(5995076.26225593, 1976410.53046803)
"33777","Hymenoptera",c(5995638.52317507, 1979541.20647557)
"33779","Hymenoptera",c(5995076.26225593, 1976410.53046803)
"33783","Hymenoptera",c(5993982.09293703, 1977908.77743342)
"33784","Hymenoptera",c(5995638.52317507, 1979541.20647557)
"33785","Hymenoptera",c(5994633.00685447, 1978679.15949678)
"33798","Hymenoptera",c(5994633.00685447, 1978679.15949678)
"34386","Hymenoptera",c(5994824.37127749, 1979556.42159271)
"34424","Odonata",c(5994870.20517455, 1978539.32097848)
"34778","Lepidoptera",c(5995499.36354649, 1978970.53089881)
"35207","Diptera",c(5995213.93366924, 1977384.89010986)
"35479","Hemiptera",c(5995213.93366924, 1977384.89010986)
"35524","Orthoptera",c(5995499.36354649, 1978970.53089881)
"35599","Lepidoptera",c(5995213.93366924, 1977384.89010986)
"35788","Diptera",c(5994975.78544233, 1976215.85741653)
"35818","Diptera",c(5995213.93366924, 1977384.89010986)
"37487","Diptera",c(5995690.12348802, 1978928.38598446)
"37504","Coleoptera",c(5995690.12348802, 1978928.38598446)
"37625","Lepidoptera",c(5994838.85204689, 1976265.73555612)
"38003","Pedunculata",c(5995215.35494025, 1975717.45370604)
"38106","Hymenoptera",c(5994824.37127749, 1979556.42159271)
"38188","Hymenoptera",c(5993982.09293703, 1977908.77743342)
"38221","Hymenoptera",c(5994344.38554373, 1977763.68044474)
"38266","Hymenoptera",c(5994344.38554373, 1977763.68044474)
"38267","Hymenoptera",c(5993982.09293703, 1977908.77743342)
"38314","Hymenoptera",c(5994633.00685447, 1978679.15949678)
"38367","Hymenoptera",c(5993982.09293703, 1977908.77743342)
"38380","Hymenoptera",c(5995499.36354649, 1978970.53089881)
"38414","Diptera",c(5993813.18193616, 1977571.6161258)
"38457","Hymenoptera",c(5994824.37127749, 1979556.42159271)
"38475","Hymenoptera",c(5994824.37127749, 1979556.42159271)
"38487","Hymenoptera",c(5994633.00685447, 1978679.15949678)
"38572","Decapoda",c(5995343.92263186, 1975800.95166315)
"38918","Lepidoptera",c(5993768.83974078, 1977636.14409496)
"38919","Lepidoptera",c(5993768.83974078, 1977636.14409496)
"38920","Lepidoptera",c(5993768.83974078, 1977636.14409496)
"38921","Lepidoptera",c(5993768.83974078, 1977636.14409496)
"38922","Lepidoptera",c(5993768.83974078, 1977636.14409496)
"38923","Lepidoptera",c(5993768.83974078, 1977636.14409496)
"38924","Lepidoptera",c(5993768.83974078, 1977636.14409496)
"38925","Lepidoptera",c(5993768.83974078, 1977636.14409496)
"38926","Lepidoptera",c(5993768.83974078, 1977636.14409496)
"38927","Lepidoptera",c(5993768.83974078, 1977636.14409496)
"38928","Lepidoptera",c(5993768.83974078, 1977636.14409496)
"38929","Lepidoptera",c(5993768.83974078, 1977636.14409496)
"38930","Lepidoptera",c(5993768.83974078, 1977636.14409496)
"38931","Lepidoptera",c(5993768.83974078, 1977636.14409496)
"38932","Lepidoptera",c(5993768.83974078, 1977636.14409496)
"38933","Lepidoptera",c(5993768.83974078, 1977636.14409496)
"38934","Lepidoptera",c(5993768.83974078, 1977636.14409496)
"38936","Lepidoptera",c(5993768.83974078, 1977636.14409496)
"38937","Lepidoptera",c(5993768.83974078, 1977636.14409496)
"38938","Lepidoptera",c(5993768.83974078, 1977636.14409496)
"38939","Lepidoptera",c(5993768.83974078, 1977636.14409496)
"38940","Lepidoptera",c(5993768.83974078, 1977636.14409496)
"38941","Lepidoptera",c(5993768.83974078, 1977636.14409496)
"38942","Lepidoptera",c(5993768.83974078, 1977636.14409496)
"38943","Lepidoptera",c(5993768.83974078, 1977636.14409496)
"38944","Lepidoptera",c(5993768.83974078, 1977636.14409496)
"38945","Lepidoptera",c(5993768.83974078, 1977636.14409496)
"38946","Lepidoptera",c(5993768.83974078, 1977636.14409496)
"38947","Lepidoptera",c(5993768.83974078, 1977636.14409496)
"38948","Lepidoptera",c(5993768.83974078, 1977636.14409496)
"38949","Lepidoptera",c(5993768.83974078, 1977636.14409496)
"38950","Lepidoptera",c(5993768.83974078, 1977636.14409496)
"38951","Lepidoptera",c(5993768.83974078, 1977636.14409496)
"38952","Lepidoptera",c(5993768.83974078, 1977636.14409496)
"38953","Lepidoptera",c(5993768.83974078, 1977636.14409496)
"38954","Lepidoptera",c(5993768.83974078, 1977636.14409496)
"38955","Lepidoptera",c(5993768.83974078, 1977636.14409496)
"38956","Lepidoptera",c(5993768.83974078, 1977636.14409496)
"38957","Lepidoptera",c(5993768.83974078, 1977636.14409496)
"38959","Lepidoptera",c(5993768.83974078, 1977636.14409496)
"38960","Lepidoptera",c(5993768.83974078, 1977636.14409496)
"39182","Hymenoptera",c(5995172.54735097, 1979625.25678792)
"39280","Hymenoptera",c(5994824.37127749, 1979556.42159271)
"39365","Hymenoptera",c(5994344.38554373, 1977763.68044474)
"39430","Coleoptera",c(5994977.3341645, 1976121.19266513)
"39645","Diptera",c(5993813.18193616, 1977571.6161258)
"39694","Diptera",c(5994977.3341645, 1976121.19266513)
"39901","Coleoptera",c(5993813.18193616, 1977571.6161258)
"39944","Hymenoptera",c(5995069.98845629, 1979544.54943929)
"39989","Hymenoptera",c(5995069.98845629, 1979544.54943929)
"40017","Diptera",c(5995069.98845629, 1979544.54943929)
"40025","Diptera",c(5995069.98845629, 1979544.54943929)
"40027","Diptera",c(5995069.98845629, 1979544.54943929)
"40047","Diptera",c(5995069.98845629, 1979544.54943929)
"40055","Lepidoptera",c(5995069.98845629, 1979544.54943929)
"40063","Diptera",c(5995069.98845629, 1979544.54943929)
"40064","Lepidoptera",c(5995069.98845629, 1979544.54943929)
"40094","Diptera",c(5995069.98845629, 1979544.54943929)
"40100","Hymenoptera",c(5995069.98845629, 1979544.54943929)
"40131","Diptera",c(5995069.98845629, 1979544.54943929)
"40137","Hymenoptera",c(5995069.98845629, 1979544.54943929)
"40157","Diptera",c(5995069.98845629, 1979544.54943929)
"40194","Diptera",c(5995069.98845629, 1979544.54943929)
"40201","Diptera",c(5995069.98845629, 1979544.54943929)
"40204","Diptera",c(5995069.98845629, 1979544.54943929)
"40209","Diptera",c(5995069.98845629, 1979544.54943929)
"40214","Diptera",c(5995069.98845629, 1979544.54943929)
"40233","Hymenoptera",c(5995069.98845629, 1979544.54943929)
"40238","Hymenoptera",c(5995069.98845629, 1979544.54943929)
"40243","Hymenoptera",c(5995069.98845629, 1979544.54943929)
"40244","Diptera",c(5995069.98845629, 1979544.54943929)
"40251","Hymenoptera",c(5995069.98845629, 1979544.54943929)
"40256","Hymenoptera",c(5995069.98845629, 1979544.54943929)
"40263","Hymenoptera",c(5995069.98845629, 1979544.54943929)
"40272","Diptera",c(5995069.98845629, 1979544.54943929)
"40276","Diptera",c(5995069.98845629, 1979544.54943929)
"40282","Lepidoptera",c(5995069.98845629, 1979544.54943929)
"40303","Diptera",c(5995069.98845629, 1979544.54943929)
"40305","Lepidoptera",c(5995069.98845629, 1979544.54943929)
"40310","Diptera",c(5995069.98845629, 1979544.54943929)
"40320","Diptera",c(5995069.98845629, 1979544.54943929)
"40325","Diptera",c(5995069.98845629, 1979544.54943929)
"40328","Psocodea",c(5995069.98845629, 1979544.54943929)
"40337","Hymenoptera",c(5995069.98845629, 1979544.54943929)
"40343","Diptera",c(5995069.98845629, 1979544.54943929)
"40352","Diptera",c(5995069.98845629, 1979544.54943929)
"40353","Hymenoptera",c(5995069.98845629, 1979544.54943929)
"40356","Diptera",c(5995069.98845629, 1979544.54943929)
"40359","Hymenoptera",c(5995069.98845629, 1979544.54943929)
"40364","Hymenoptera",c(5995069.98845629, 1979544.54943929)
"40371","Diptera",c(5995069.98845629, 1979544.54943929)
"40384","Hymenoptera",c(5995069.98845629, 1979544.54943929)
"40397","Hymenoptera",c(5995069.98845629, 1979544.54943929)
"40399","Diptera",c(5995069.98845629, 1979544.54943929)
"40400","Diptera",c(5995069.98845629, 1979544.54943929)
"40411","Diptera",c(5995069.98845629, 1979544.54943929)
"40414","Diptera",c(5995069.98845629, 1979544.54943929)
"40416","Lepidoptera",c(5995069.98845629, 1979544.54943929)
"40432","Diptera",c(5995069.98845629, 1979544.54943929)
"40463","Hymenoptera",c(5995069.98845629, 1979544.54943929)
"40467","Diptera",c(5995069.98845629, 1979544.54943929)
"40469","Diptera",c(5995069.98845629, 1979544.54943929)
"40470","Diptera",c(5995069.98845629, 1979544.54943929)
"40471","Diptera",c(5995069.98845629, 1979544.54943929)
"40482","Hymenoptera",c(5995069.98845629, 1979544.54943929)
"40493","Hymenoptera",c(5995069.98845629, 1979544.54943929)
"40496","Diptera",c(5995069.98845629, 1979544.54943929)
"40504","Diptera",c(5995069.98845629, 1979544.54943929)
"40510","Diptera",c(5995069.98845629, 1979544.54943929)
"40532","Diptera",c(5995069.98845629, 1979544.54943929)
"40539","Diptera",c(5995069.98845629, 1979544.54943929)
"40570","Diptera",c(5995069.98845629, 1979544.54943929)
"40573","Hymenoptera",c(5995069.98845629, 1979544.54943929)
"40574","Lepidoptera",c(5995069.98845629, 1979544.54943929)
"40583","Lepidoptera",c(5995069.98845629, 1979544.54943929)
"40590","Diptera",c(5995069.98845629, 1979544.54943929)
"40606","Diptera",c(5995069.98845629, 1979544.54943929)
"40612","Diptera",c(5995069.98845629, 1979544.54943929)
"40625","Diptera",c(5995069.98845629, 1979544.54943929)
"40626","Diptera",c(5995069.98845629, 1979544.54943929)
"40627","Diptera",c(5995069.98845629, 1979544.54943929)
"40629","Lepidoptera",c(5995069.98845629, 1979544.54943929)
"40634","Diptera",c(5995069.98845629, 1979544.54943929)
"40639","Diptera",c(5995069.98845629, 1979544.54943929)
"40640","Lepidoptera",c(5995069.98845629, 1979544.54943929)
"40648","Hymenoptera",c(5995069.98845629, 1979544.54943929)
"40665","Hymenoptera",c(5995069.98845629, 1979544.54943929)
"40668","Lepidoptera",c(5995069.98845629, 1979544.54943929)
"40682","Diptera",c(5995069.98845629, 1979544.54943929)
"40693","Diptera",c(5995069.98845629, 1979544.54943929)
"40694","Diptera",c(5995069.98845629, 1979544.54943929)
"40698","Diptera",c(5995069.98845629, 1979544.54943929)
"40701","Diptera",c(5995069.98845629, 1979544.54943929)
"40706","Psocodea",c(5995069.98845629, 1979544.54943929)
"40707","Hymenoptera",c(5995069.98845629, 1979544.54943929)
"40709","Diptera",c(5995069.98845629, 1979544.54943929)
"40713","Lepidoptera",c(5995069.98845629, 1979544.54943929)
"40714","Diptera",c(5995069.98845629, 1979544.54943929)
"40730","Hymenoptera",c(5995069.98845629, 1979544.54943929)
"40732","Hymenoptera",c(5995069.98845629, 1979544.54943929)
"40736","Diptera",c(5995069.98845629, 1979544.54943929)
"40743","Hymenoptera",c(5995069.98845629, 1979544.54943929)
"40749","Diptera",c(5995069.98845629, 1979544.54943929)
"40752","Diptera",c(5995069.98845629, 1979544.54943929)
"40754","Hymenoptera",c(5995069.98845629, 1979544.54943929)
"40757","Diptera",c(5995069.98845629, 1979544.54943929)
"40758","Diptera",c(5995069.98845629, 1979544.54943929)
"40759","Diptera",c(5995069.98845629, 1979544.54943929)
"40778","Diptera",c(5995069.98845629, 1979544.54943929)
"40793","Diptera",c(5995069.98845629, 1979544.54943929)
"40798","Diptera",c(5995069.98845629, 1979544.54943929)
"40802","Diptera",c(5995069.98845629, 1979544.54943929)
"40804","Diptera",c(5995069.98845629, 1979544.54943929)
"40808","Hymenoptera",c(5995069.98845629, 1979544.54943929)
"40822","Diptera",c(5995069.98845629, 1979544.54943929)
"40830","Diptera",c(5995069.98845629, 1979544.54943929)
"40839","Diptera",c(5995069.98845629, 1979544.54943929)
"40841","Hymenoptera",c(5995069.98845629, 1979544.54943929)
"40854","Diptera",c(5995069.98845629, 1979544.54943929)
"40867","Lepidoptera",c(5995069.98845629, 1979544.54943929)
"40878","Diptera",c(5995069.98845629, 1979544.54943929)
"40879","Diptera",c(5995069.98845629, 1979544.54943929)
"40892","Diptera",c(5995069.98845629, 1979544.54943929)
"40903","Diptera",c(5995069.98845629, 1979544.54943929)
"40906","Diptera",c(5995069.98845629, 1979544.54943929)
"40931","Diptera",c(5995069.98845629, 1979544.54943929)
"40933","Diptera",c(5995069.98845629, 1979544.54943929)
"40947","Lepidoptera",c(5995069.98845629, 1979544.54943929)
"40951","Diptera",c(5995069.98845629, 1979544.54943929)
"40957","Diptera",c(5995069.98845629, 1979544.54943929)
"40968","Diptera",c(5995069.98845629, 1979544.54943929)
"40970","Diptera",c(5995069.98845629, 1979544.54943929)
"40972","Psocodea",c(5995069.98845629, 1979544.54943929)
"40981","Lepidoptera",c(5995069.98845629, 1979544.54943929)
"40987","Diptera",c(5995069.98845629, 1979544.54943929)
"40995","Diptera",c(5995069.98845629, 1979544.54943929)
"40998","Diptera",c(5995069.98845629, 1979544.54943929)
"41012","Diptera",c(5995069.98845629, 1979544.54943929)
"41013","Hymenoptera",c(5995069.98845629, 1979544.54943929)
"41022","Lepidoptera",c(5995069.98845629, 1979544.54943929)
"41026","Hymenoptera",c(5995069.98845629, 1979544.54943929)
"41040","Diptera",c(5995069.98845629, 1979544.54943929)
"41041","Diptera",c(5995069.98845629, 1979544.54943929)
"41042","Diptera",c(5995069.98845629, 1979544.54943929)
"41059","Diptera",c(5995069.98845629, 1979544.54943929)
"41061","Lepidoptera",c(5995069.98845629, 1979544.54943929)
"41093","Hymenoptera",c(5995069.98845629, 1979544.54943929)
"41100","Diptera",c(5995069.98845629, 1979544.54943929)
"41289","Sessilia",c(5995170.34223639, 1975827.12601597)
"41663","Coleoptera",c(5994351.7372064, 1978011.41601509)
"41699","Araneae",c(5995384.61425481, 1979367.59711192)
"41700","Hymenoptera",c(5995091.38039142, 1978462.02512064)
"41726","Decapoda",c(5995142.50484172, 1975758.12535274)
"41911","Diptera",c(5995350.03945604, 1977743.05492543)
"42420","Coleoptera",c(5994838.85204689, 1976265.73555612)
"42423","Coleoptera",c(5994170.2192641, 1977322.88010841)
"42438","Coleoptera",c(5994838.85204689, 1976265.73555612)
"42443","Coleoptera",c(5994838.85204689, 1976265.73555612)
"42444","Coleoptera",c(5994170.2192641, 1977322.88010841)
"42445","Coleoptera",c(5994838.85204689, 1976265.73555612)
"42447","Coleoptera",c(5994838.85204689, 1976265.73555612)
"42452","Coleoptera",c(5994170.2192641, 1977322.88010841)
"42477","Coleoptera",c(5994170.2192641, 1977322.88010841)
"42485","Coleoptera",c(5994838.85204689, 1976265.73555612)
"43575","Hymenoptera",c(5994633.00685447, 1978679.15949678)
"43585","Hymenoptera",c(5994633.00685447, 1978679.15949678)
"43592","Hymenoptera",c(5994036.56144064, 1977434.5779758)
"43612","Hymenoptera",c(5994633.00685447, 1978679.15949678)
"43613","Hymenoptera",c(5994633.00685447, 1978679.15949678)
"43615","Hymenoptera",c(5994344.38554373, 1977763.68044474)
"43619","Hymenoptera",c(5993982.09293703, 1977908.77743342)
"43629","Hymenoptera",c(5995076.26225593, 1976410.53046803)
"43631","Hymenoptera",c(5994344.38554373, 1977763.68044474)
"43634","Hymenoptera",c(5994824.37127749, 1979556.42159271)
"43639","Hymenoptera",c(5994633.00685447, 1978679.15949678)
"43642","Hymenoptera",c(5994824.37127749, 1979556.42159271)
"43643","Hymenoptera",c(5994633.00685447, 1978679.15949678)
"43644","Hymenoptera",c(5993982.09293703, 1977908.77743342)
"43652","Hymenoptera",c(5993982.09293703, 1977908.77743342)
"43655","Hymenoptera",c(5994824.37127749, 1979556.42159271)
"43658","Hymenoptera",c(5994344.38554373, 1977763.68044474)
"43661","Hymenoptera",c(5994824.37127749, 1979556.42159271)
"43671","Hymenoptera",c(5994633.00685447, 1978679.15949678)
"43674","Hymenoptera",c(5994344.38554373, 1977763.68044474)
"43715","Hymenoptera",c(5995076.26225593, 1976410.53046803)
"43836","Hymenoptera",c(5995384.89165402, 1978042.3264941)
"43844","Hymenoptera",c(5995562.0186526, 1978174.41985706)
"43861","Hymenoptera",c(5995532.2387502, 1977968.96120382)
"43975","Hymenoptera",c(5994977.3341645, 1976121.19266513)
"46646","Coleoptera",c(5995751.11104486, 1978592.01812421)
"46815","Lepidoptera",c(5995751.11104486, 1978592.01812421)
"47079","Coleoptera",c(5994977.3341645, 1976121.19266513)
"47319","Hymenoptera",c(5995076.26225593, 1976410.53046803)
"47373","Hymenoptera",c(5995076.26225593, 1976410.53046803)
"47387","Hymenoptera",c(5994824.37127749, 1979556.42159271)
"47397","Hymenoptera",c(5994344.38554373, 1977763.68044474)
"47408","Hymenoptera",c(5994344.38554373, 1977763.68044474)
"47416","Hymenoptera",c(5994344.38554373, 1977763.68044474)
"47452","Hymenoptera",c(5994824.37127749, 1979556.42159271)
"47463","Hymenoptera",c(5995076.26225593, 1976410.53046803)
"49014","Hymenoptera",c(5993813.18193616, 1977571.6161258)
"49447","Hemiptera",c(5995751.11104486, 1978592.01812421)
"51508","Lepidoptera",c(5995075.95832351, 1978476.14478857)
"52026","Lepidoptera",c(5995499.36354649, 1978970.53089881)
"52259","Lepidoptera",c(5995499.36354649, 1978970.53089881)
"52309","Lepidoptera",c(5995499.36354649, 1978970.53089881)
"52427","Lepidoptera",c(5995751.11104486, 1978592.01812421)
"52459","Lepidoptera",c(5995690.12348802, 1978928.38598446)
"52614","Lepidoptera",c(5995690.12348802, 1978928.38598446)
"52621","Lepidoptera",c(5995690.12348802, 1978928.38598446)
"52643","Lepidoptera",c(5995690.12348802, 1978928.38598446)
"52687","Lepidoptera",c(5995690.12348802, 1978928.38598446)
"52762","Lepidoptera",c(5995690.12348802, 1978928.38598446)
"52864","Lepidoptera",c(5995751.11104486, 1978592.01812421)
"53110","Hymenoptera",c(5995891.95197228, 1979414.54019537)
"53138","Hymenoptera",c(5995690.12348802, 1978928.38598446)
"53177","Hymenoptera",c(5995006.73161431, 1976209.09117825)
"53542","Hymenoptera",c(5995690.12348802, 1978928.38598446)
"53771","Hymenoptera",c(5995690.12348802, 1978928.38598446)
"53773","Hymenoptera",c(5995690.12348802, 1978928.38598446)
"53784","Hymenoptera",c(5995075.95832351, 1978476.14478857)
"53829","Hymenoptera",c(5995690.12348802, 1978928.38598446)
"54025","Hymenoptera",c(5995690.12348802, 1978928.38598446)
"54205","Hymenoptera",c(5995075.95832351, 1978476.14478857)
"54298","Hymenoptera",c(5995690.12348802, 1978928.38598446)
"54463","Coleoptera",c(5995690.12348802, 1978928.38598446)
"54481","Coleoptera",c(5995690.12348802, 1978928.38598446)
"54580","Hymenoptera",c(5995751.11104486, 1978592.01812421)
"54845","Coleoptera",c(5995075.95832351, 1978476.14478857)
"54846","Coleoptera",c(5995891.95197228, 1979414.54019537)
"54888","Coleoptera",c(5995690.12348802, 1978928.38598446)
"54917","Coleoptera",c(5995751.11104486, 1978592.01812421)
"54924","Coleoptera",c(5995751.11104486, 1978592.01812421)
"54936","Coleoptera",c(5995690.12348802, 1978928.38598446)
"54961","Coleoptera",c(5995690.12348802, 1978928.38598446)
"55089","Coleoptera",c(5995751.11104486, 1978592.01812421)
"55111","Coleoptera",c(5995751.11104486, 1978592.01812421)
"55178","Coleoptera",c(5995751.11104486, 1978592.01812421)
"55179","Coleoptera",c(5995751.11104486, 1978592.01812421)
"55190","Coleoptera",c(5995751.11104486, 1978592.01812421)
"55230","Coleoptera",c(5995690.12348802, 1978928.38598446)
"55235","Coleoptera",c(5995751.11104486, 1978592.01812421)
"55272","Coleoptera",c(5995690.12348802, 1978928.38598446)
"55275","Coleoptera",c(5995751.11104486, 1978592.01812421)
"55717","Coleoptera",c(5995075.95832351, 1978476.14478857)
"55986","Hemiptera",c(5995690.12348802, 1978928.38598446)
"56023","Coleoptera",c(5995690.12348802, 1978928.38598446)
"56265","Dermaptera",c(5995690.12348802, 1978928.38598446)
"56294","Isopoda",c(5995751.11104486, 1978592.01812421)
"56329","Ephemeroptera",c(5995690.12348802, 1978928.38598446)
"56333","Isopoda",c(5995690.12348802, 1978928.38598446)
"56349","Isopoda",c(5995690.12348802, 1978928.38598446)
"56392","",c(5995690.12348802, 1978928.38598446)
"56577","Hemiptera",c(5995690.12348802, 1978928.38598446)
"56621","Hemiptera",c(5995690.12348802, 1978928.38598446)
"56856","Hemiptera",c(5995751.11104486, 1978592.01812421)
"56950","Hemiptera",c(5995690.12348802, 1978928.38598446)
"56983","Hemiptera",c(5995751.11104486, 1978592.01812421)
"57041","Hemiptera",c(5995690.12348802, 1978928.38598446)
"57046","Amphipoda",c(5995690.12348802, 1978928.38598446)
"57086","Hemiptera",c(5995690.12348802, 1978928.38598446)
"57102","Archaeognatha",c(5995690.12348802, 1978928.38598446)
"57231","Hemiptera",c(5995499.36354649, 1978970.53089881)
"57273","Decapoda",c(5995277.48147903, 1975748.68739729)
"57274","Decapoda",c(5995262.16231407, 1975752.24948495)
"57276","Decapoda",c(5995256.11040772, 1975751.27061386)
"57304","Araneae",c(5995532.53288096, 1979147.5354894)
"57364","Amphipoda",c(5995219.63819457, 1975720.64952125)
"57469","Decapoda",c(5995510.99073477, 1976039.88007452)
"57629","Decapoda",c(5995261.50041022, 1975732.97071385)
"58324","Decapoda",c(5995228.43345061, 1975755.42761212)
"58619","Hymenoptera",c(5994819.96073228, 1976481.56727733)
"58680","Decapoda",c(5995404.75097004, 1975891.90319437)
"58711","Amphipoda",c(5995382.05065568, 1975936.36928408)
"59652","Coleoptera",c(5995213.93366924, 1977384.89010986)
"59654","Coleoptera",c(5995213.93366924, 1977384.89010986)
"60509","Decapoda",c(5993782.26761531, 1978095.24060458)
"66571","Lepidoptera",c(5994312.20085235, 1978058.74598435)
"66596","Lepidoptera",c(5994439.13804832, 1977910.41266092)
"66687","Decapoda",c(5994953.06328769, 1975984.78848517)
"67016","Lepidoptera",c(5993768.83974078, 1977636.14409496)
"67017","Lepidoptera",c(5993768.83974078, 1977636.14409496)
"67711","Decapoda",c(5994014.26843783, 1977355.64691065)
"67712","Lepidoptera",c(5995584.81322064, 1977488.97660579)
"68134","Coleoptera",c(5995041.82755371, 1976085.40859433)
"69787","Odonata",c(5995188.2000206, 1977234.68169845)
"69818","Odonata",c(5995188.2000206, 1977234.68169845)
"69833","Odonata",c(5995188.2000206, 1977234.68169845)
"69836","Odonata",c(5995188.2000206, 1977234.68169845)
